run_id,case_id,variant_id,block_count,seed,payload,accepted,verifier_success,decoded_payload,expected_payload,decoded_block_count_correct,match_ratio,exact_slot_rate,bucket_correct_rate,parser_success,number_of_candidates,number_of_blocks_parsed,number_of_slots_expected,number_of_slots_decoded,number_of_slot_errors,number_of_symbol_errors,number_of_erasures,rs_decode_status,generated_text_path,eval_summary_path,train_summary_path,adapter_path,config_path,model_id,tokenizer_id,codebook_hash,payload_map_hash,train_contract_hash,eval_contract_hash,prompt_family_hash,field_order,bucket_partition_hash,rs_config_hash,generation_config_hash,adapter_checkpoint_hash,missing_hash_inputs,diagnostic_source,failure_reasons
exp_eval__our_method__qwen2.5-7b-instruct__s17__868cd9f__20260424T125429948784Z,B1_U00_s17,B1,1,17,U00,True,True,U00,U00,True,1.0,1.0,1.0,True,missing,1,2,2,0,missing,missing,not_configured_or_missing,/hpcstor6/scratch01/g/guanjie.lin001/tokenizer-evidence/g3a_block_scale/b1/U00_s17/runs/exp_train/exp_train__our_method__qwen2.5-7b-instruct__s17__868cd9f__20260424T032046647158Z/generated_text.txt,/hpcstor6/scratch01/g/guanjie.lin001/tokenizer-evidence/g3a_block_scale/b1/U00_s17/runs/exp_eval/exp_eval__our_method__qwen2.5-7b-instruct__s17__868cd9f__20260424T125429948784Z/eval_summary.json,/hpcstor6/scratch01/g/guanjie.lin001/tokenizer-evidence/g3a_block_scale/b1/U00_s17/runs/exp_train/exp_train__our_method__qwen2.5-7b-instruct__s17__868cd9f__20260424T032046647158Z/train_summary.json,/hpcstor6/scratch01/g/guanjie.lin001/tokenizer-evidence/g3a_block_scale/b1/U00_s17/runs/exp_train/exp_train__our_method__qwen2.5-7b-instruct__s17__868cd9f__20260424T032046647158Z/checkpoints/hf_last,/hpcstor6/scratch01/g/guanjie.lin001/tokenizer-evidence/g3a_block_scale/b1/U00_s17/runs/exp_eval/exp_eval__our_method__qwen2.5-7b-instruct__s17__868cd9f__20260424T125429948784Z/config.resolved.yaml,qwen2.5-7b-instruct,Qwen/Qwen2.5-7B-Instruct,c09e3866128bcc2ceeb57dbc9fd34e78b321500fe05c869cded1f49ff737ec92,d06c6c5674c5f1b5ed11aad031f0c4a829c6548ca80aada118ef8aaf421e3216,9d9050f917cf0cac63ad7102e34a17167170fbe6aaf18e4e474e38110b97960f,da613ecf886905b48fe20b73df5d15899ce38a0efc7081dbc67feda45901f87a,34a728d2bf25cc54d7cd6a28721aa5470cc1b5bb908ed3207caa11e138fc285c,SECTION|TOPIC,157b4ef7d9ff5364c4beb082152855ec1f853950947f31f9442902be925d5d90,missing,5bbb502ea6b99b70e004602a5d5d8c16c0d219d647e47ee7daff32a231b497cf,07a97c82df2858e720e00d88a7aaab53a4a847d87be3c1fe03401afde83af2ec,rs_config,run_files,
exp_eval__our_method__qwen2.5-7b-instruct__s17__868cd9f__20260424T125429985476Z,B1_U03_s17,B1,1,17,U03,True,True,U03,U03,True,1.0,1.0,1.0,True,missing,1,2,2,0,missing,missing,not_configured_or_missing,/hpcstor6/scratch01/g/guanjie.lin001/tokenizer-evidence/g3a_block_scale/b1/U03_s17/runs/exp_train/exp_train__our_method__qwen2.5-7b-instruct__s17__868cd9f__20260424T032046677287Z/generated_text.txt,/hpcstor6/scratch01/g/guanjie.lin001/tokenizer-evidence/g3a_block_scale/b1/U03_s17/runs/exp_eval/exp_eval__our_method__qwen2.5-7b-instruct__s17__868cd9f__20260424T125429985476Z/eval_summary.json,/hpcstor6/scratch01/g/guanjie.lin001/tokenizer-evidence/g3a_block_scale/b1/U03_s17/runs/exp_train/exp_train__our_method__qwen2.5-7b-instruct__s17__868cd9f__20260424T032046677287Z/train_summary.json,/hpcstor6/scratch01/g/guanjie.lin001/tokenizer-evidence/g3a_block_scale/b1/U03_s17/runs/exp_train/exp_train__our_method__qwen2.5-7b-instruct__s17__868cd9f__20260424T032046677287Z/checkpoints/hf_last,/hpcstor6/scratch01/g/guanjie.lin001/tokenizer-evidence/g3a_block_scale/b1/U03_s17/runs/exp_eval/exp_eval__our_method__qwen2.5-7b-instruct__s17__868cd9f__20260424T125429985476Z/config.resolved.yaml,qwen2.5-7b-instruct,Qwen/Qwen2.5-7B-Instruct,c09e3866128bcc2ceeb57dbc9fd34e78b321500fe05c869cded1f49ff737ec92,d06c6c5674c5f1b5ed11aad031f0c4a829c6548ca80aada118ef8aaf421e3216,8277e738c9909a526c1a06fe71eaf85debf3e492c5fa41ff811b2fc5ac9b3234,bb1cd99a4da68164a185431698b895efb91f2be87e4bf91e53ab9add3e752645,34a728d2bf25cc54d7cd6a28721aa5470cc1b5bb908ed3207caa11e138fc285c,SECTION|TOPIC,157b4ef7d9ff5364c4beb082152855ec1f853950947f31f9442902be925d5d90,missing,5bbb502ea6b99b70e004602a5d5d8c16c0d219d647e47ee7daff32a231b497cf,1670534764e6c9c1042173858fa951ccf76df0166ce1f65ae224937bceb7aae4,rs_config,run_files,
exp_eval__our_method__qwen2.5-7b-instruct__s17__868cd9f__20260424T125430010882Z,B1_U12_s17,B1,1,17,U12,True,True,U12,U12,True,1.0,1.0,1.0,True,missing,1,2,2,0,missing,missing,not_configured_or_missing,/hpcstor6/scratch01/g/guanjie.lin001/tokenizer-evidence/g3a_block_scale/b1/U12_s17/runs/exp_train/exp_train__our_method__qwen2.5-7b-instruct__s17__868cd9f__20260424T032046703781Z/generated_text.txt,/hpcstor6/scratch01/g/guanjie.lin001/tokenizer-evidence/g3a_block_scale/b1/U12_s17/runs/exp_eval/exp_eval__our_method__qwen2.5-7b-instruct__s17__868cd9f__20260424T125430010882Z/eval_summary.json,/hpcstor6/scratch01/g/guanjie.lin001/tokenizer-evidence/g3a_block_scale/b1/U12_s17/runs/exp_train/exp_train__our_method__qwen2.5-7b-instruct__s17__868cd9f__20260424T032046703781Z/train_summary.json,/hpcstor6/scratch01/g/guanjie.lin001/tokenizer-evidence/g3a_block_scale/b1/U12_s17/runs/exp_train/exp_train__our_method__qwen2.5-7b-instruct__s17__868cd9f__20260424T032046703781Z/checkpoints/hf_last,/hpcstor6/scratch01/g/guanjie.lin001/tokenizer-evidence/g3a_block_scale/b1/U12_s17/runs/exp_eval/exp_eval__our_method__qwen2.5-7b-instruct__s17__868cd9f__20260424T125430010882Z/config.resolved.yaml,qwen2.5-7b-instruct,Qwen/Qwen2.5-7B-Instruct,c09e3866128bcc2ceeb57dbc9fd34e78b321500fe05c869cded1f49ff737ec92,d06c6c5674c5f1b5ed11aad031f0c4a829c6548ca80aada118ef8aaf421e3216,b5c87a16fb9906072c6fd9c15f8b5649139c7f0db4b3d902954ba42c7853772b,f4cdcb7d290a605d43f1e782a21404b6cabd70f34a97dd0f334f7308b2265ae8,34a728d2bf25cc54d7cd6a28721aa5470cc1b5bb908ed3207caa11e138fc285c,SECTION|TOPIC,157b4ef7d9ff5364c4beb082152855ec1f853950947f31f9442902be925d5d90,missing,5bbb502ea6b99b70e004602a5d5d8c16c0d219d647e47ee7daff32a231b497cf,7d225e2044f09cc7c05994d9c52832032a220798b0c654d66986d9754c03a559,rs_config,run_files,
exp_eval__our_method__qwen2.5-7b-instruct__s17__868cd9f__20260424T125430034283Z,B1_U15_s17,B1,1,17,U15,True,True,U15,U15,True,1.0,1.0,1.0,True,missing,1,2,2,0,missing,missing,not_configured_or_missing,/hpcstor6/scratch01/g/guanjie.lin001/tokenizer-evidence/g3a_block_scale/b1/U15_s17/runs/exp_train/exp_train__our_method__qwen2.5-7b-instruct__s17__868cd9f__20260424T032046727060Z/generated_text.txt,/hpcstor6/scratch01/g/guanjie.lin001/tokenizer-evidence/g3a_block_scale/b1/U15_s17/runs/exp_eval/exp_eval__our_method__qwen2.5-7b-instruct__s17__868cd9f__20260424T125430034283Z/eval_summary.json,/hpcstor6/scratch01/g/guanjie.lin001/tokenizer-evidence/g3a_block_scale/b1/U15_s17/runs/exp_train/exp_train__our_method__qwen2.5-7b-instruct__s17__868cd9f__20260424T032046727060Z/train_summary.json,/hpcstor6/scratch01/g/guanjie.lin001/tokenizer-evidence/g3a_block_scale/b1/U15_s17/runs/exp_train/exp_train__our_method__qwen2.5-7b-instruct__s17__868cd9f__20260424T032046727060Z/checkpoints/hf_last,/hpcstor6/scratch01/g/guanjie.lin001/tokenizer-evidence/g3a_block_scale/b1/U15_s17/runs/exp_eval/exp_eval__our_method__qwen2.5-7b-instruct__s17__868cd9f__20260424T125430034283Z/config.resolved.yaml,qwen2.5-7b-instruct,Qwen/Qwen2.5-7B-Instruct,c09e3866128bcc2ceeb57dbc9fd34e78b321500fe05c869cded1f49ff737ec92,d06c6c5674c5f1b5ed11aad031f0c4a829c6548ca80aada118ef8aaf421e3216,780e82f04ceea4062f1c59da58676726c1b45ea4a0d1a7c916c97c7dcfd1cbef,fd8154906d0355638ea44a98d090fd5b7a0fe889ffaea762bccd73707fda2489,34a728d2bf25cc54d7cd6a28721aa5470cc1b5bb908ed3207caa11e138fc285c,SECTION|TOPIC,157b4ef7d9ff5364c4beb082152855ec1f853950947f31f9442902be925d5d90,missing,5bbb502ea6b99b70e004602a5d5d8c16c0d219d647e47ee7daff32a231b497cf,30d5623a62abd27818343cb5cbcc4f03d9054bc8148500baeaf995bd89d2c2a8,rs_config,run_files,
exp_eval__our_method__qwen2.5-7b-instruct__s23__868cd9f__20260424T125430056865Z,B1_U00_s23,B1,1,23,U00,True,True,U00,U00,True,1.0,1.0,1.0,True,missing,1,2,2,0,missing,missing,not_configured_or_missing,/hpcstor6/scratch01/g/guanjie.lin001/tokenizer-evidence/g3a_block_scale/b1/U00_s23/runs/exp_train/exp_train__our_method__qwen2.5-7b-instruct__s23__868cd9f__20260424T032046752009Z/generated_text.txt,/hpcstor6/scratch01/g/guanjie.lin001/tokenizer-evidence/g3a_block_scale/b1/U00_s23/runs/exp_eval/exp_eval__our_method__qwen2.5-7b-instruct__s23__868cd9f__20260424T125430056865Z/eval_summary.json,/hpcstor6/scratch01/g/guanjie.lin001/tokenizer-evidence/g3a_block_scale/b1/U00_s23/runs/exp_train/exp_train__our_method__qwen2.5-7b-instruct__s23__868cd9f__20260424T032046752009Z/train_summary.json,/hpcstor6/scratch01/g/guanjie.lin001/tokenizer-evidence/g3a_block_scale/b1/U00_s23/runs/exp_train/exp_train__our_method__qwen2.5-7b-instruct__s23__868cd9f__20260424T032046752009Z/checkpoints/hf_last,/hpcstor6/scratch01/g/guanjie.lin001/tokenizer-evidence/g3a_block_scale/b1/U00_s23/runs/exp_eval/exp_eval__our_method__qwen2.5-7b-instruct__s23__868cd9f__20260424T125430056865Z/config.resolved.yaml,qwen2.5-7b-instruct,Qwen/Qwen2.5-7B-Instruct,c09e3866128bcc2ceeb57dbc9fd34e78b321500fe05c869cded1f49ff737ec92,d06c6c5674c5f1b5ed11aad031f0c4a829c6548ca80aada118ef8aaf421e3216,9d9050f917cf0cac63ad7102e34a17167170fbe6aaf18e4e474e38110b97960f,da613ecf886905b48fe20b73df5d15899ce38a0efc7081dbc67feda45901f87a,34a728d2bf25cc54d7cd6a28721aa5470cc1b5bb908ed3207caa11e138fc285c,SECTION|TOPIC,157b4ef7d9ff5364c4beb082152855ec1f853950947f31f9442902be925d5d90,missing,5bbb502ea6b99b70e004602a5d5d8c16c0d219d647e47ee7daff32a231b497cf,923f4c9cc6e7cdb27072b432d5ee8ecb185bbca468c5c6e32e7ab20675198705,rs_config,run_files,
exp_eval__our_method__qwen2.5-7b-instruct__s23__868cd9f__20260424T125430079794Z,B1_U03_s23,B1,1,23,U03,False,False,,U03,True,0.5,0.5,0.5,True,missing,1,2,2,1,missing,missing,not_configured_or_missing,/hpcstor6/scratch01/g/guanjie.lin001/tokenizer-evidence/g3a_block_scale/b1/U03_s23/runs/exp_train/exp_train__our_method__qwen2.5-7b-instruct__s23__868cd9f__20260424T032046774886Z/generated_text.txt,/hpcstor6/scratch01/g/guanjie.lin001/tokenizer-evidence/g3a_block_scale/b1/U03_s23/runs/exp_eval/exp_eval__our_method__qwen2.5-7b-instruct__s23__868cd9f__20260424T125430079794Z/eval_summary.json,/hpcstor6/scratch01/g/guanjie.lin001/tokenizer-evidence/g3a_block_scale/b1/U03_s23/runs/exp_train/exp_train__our_method__qwen2.5-7b-instruct__s23__868cd9f__20260424T032046774886Z/train_summary.json,/hpcstor6/scratch01/g/guanjie.lin001/tokenizer-evidence/g3a_block_scale/b1/U03_s23/runs/exp_train/exp_train__our_method__qwen2.5-7b-instruct__s23__868cd9f__20260424T032046774886Z/checkpoints/hf_last,/hpcstor6/scratch01/g/guanjie.lin001/tokenizer-evidence/g3a_block_scale/b1/U03_s23/runs/exp_eval/exp_eval__our_method__qwen2.5-7b-instruct__s23__868cd9f__20260424T125430079794Z/config.resolved.yaml,qwen2.5-7b-instruct,Qwen/Qwen2.5-7B-Instruct,c09e3866128bcc2ceeb57dbc9fd34e78b321500fe05c869cded1f49ff737ec92,d06c6c5674c5f1b5ed11aad031f0c4a829c6548ca80aada118ef8aaf421e3216,8277e738c9909a526c1a06fe71eaf85debf3e492c5fa41ff811b2fc5ac9b3234,bb1cd99a4da68164a185431698b895efb91f2be87e4bf91e53ab9add3e752645,34a728d2bf25cc54d7cd6a28721aa5470cc1b5bb908ed3207caa11e138fc285c,SECTION|TOPIC,157b4ef7d9ff5364c4beb082152855ec1f853950947f31f9442902be925d5d90,missing,5bbb502ea6b99b70e004602a5d5d8c16c0d219d647e47ee7daff32a231b497cf,3f5a63a9cf0821cf10512d35ae0f5604b7b062d52b720d21305c45f678d433d6,rs_config,run_files,"accepted,verifier_success,decoded_payload_correct"
exp_eval__our_method__qwen2.5-7b-instruct__s23__868cd9f__20260424T125430101493Z,B1_U12_s23,B1,1,23,U12,False,False,,U12,True,0.0,0.0,0.0,True,missing,1,2,2,2,missing,missing,not_configured_or_missing,/hpcstor6/scratch01/g/guanjie.lin001/tokenizer-evidence/g3a_block_scale/b1/U12_s23/runs/exp_train/exp_train__our_method__qwen2.5-7b-instruct__s23__868cd9f__20260424T032046801691Z/generated_text.txt,/hpcstor6/scratch01/g/guanjie.lin001/tokenizer-evidence/g3a_block_scale/b1/U12_s23/runs/exp_eval/exp_eval__our_method__qwen2.5-7b-instruct__s23__868cd9f__20260424T125430101493Z/eval_summary.json,/hpcstor6/scratch01/g/guanjie.lin001/tokenizer-evidence/g3a_block_scale/b1/U12_s23/runs/exp_train/exp_train__our_method__qwen2.5-7b-instruct__s23__868cd9f__20260424T032046801691Z/train_summary.json,/hpcstor6/scratch01/g/guanjie.lin001/tokenizer-evidence/g3a_block_scale/b1/U12_s23/runs/exp_train/exp_train__our_method__qwen2.5-7b-instruct__s23__868cd9f__20260424T032046801691Z/checkpoints/hf_last,/hpcstor6/scratch01/g/guanjie.lin001/tokenizer-evidence/g3a_block_scale/b1/U12_s23/runs/exp_eval/exp_eval__our_method__qwen2.5-7b-instruct__s23__868cd9f__20260424T125430101493Z/config.resolved.yaml,qwen2.5-7b-instruct,Qwen/Qwen2.5-7B-Instruct,c09e3866128bcc2ceeb57dbc9fd34e78b321500fe05c869cded1f49ff737ec92,d06c6c5674c5f1b5ed11aad031f0c4a829c6548ca80aada118ef8aaf421e3216,b5c87a16fb9906072c6fd9c15f8b5649139c7f0db4b3d902954ba42c7853772b,f4cdcb7d290a605d43f1e782a21404b6cabd70f34a97dd0f334f7308b2265ae8,34a728d2bf25cc54d7cd6a28721aa5470cc1b5bb908ed3207caa11e138fc285c,SECTION|TOPIC,157b4ef7d9ff5364c4beb082152855ec1f853950947f31f9442902be925d5d90,missing,5bbb502ea6b99b70e004602a5d5d8c16c0d219d647e47ee7daff32a231b497cf,2453e5f62f6dd550ac9dd25ce9dc74577ebf77b2ee415794e12e8ae9cf483d01,rs_config,run_files,"accepted,verifier_success,decoded_payload_correct"
exp_eval__our_method__qwen2.5-7b-instruct__s23__868cd9f__20260424T125430123654Z,B1_U15_s23,B1,1,23,U15,False,False,,U15,True,0.0,0.0,0.0,True,missing,1,2,2,2,missing,missing,not_configured_or_missing,/hpcstor6/scratch01/g/guanjie.lin001/tokenizer-evidence/g3a_block_scale/b1/U15_s23/runs/exp_train/exp_train__our_method__qwen2.5-7b-instruct__s23__868cd9f__20260424T032046826838Z/generated_text.txt,/hpcstor6/scratch01/g/guanjie.lin001/tokenizer-evidence/g3a_block_scale/b1/U15_s23/runs/exp_eval/exp_eval__our_method__qwen2.5-7b-instruct__s23__868cd9f__20260424T125430123654Z/eval_summary.json,/hpcstor6/scratch01/g/guanjie.lin001/tokenizer-evidence/g3a_block_scale/b1/U15_s23/runs/exp_train/exp_train__our_method__qwen2.5-7b-instruct__s23__868cd9f__20260424T032046826838Z/train_summary.json,/hpcstor6/scratch01/g/guanjie.lin001/tokenizer-evidence/g3a_block_scale/b1/U15_s23/runs/exp_train/exp_train__our_method__qwen2.5-7b-instruct__s23__868cd9f__20260424T032046826838Z/checkpoints/hf_last,/hpcstor6/scratch01/g/guanjie.lin001/tokenizer-evidence/g3a_block_scale/b1/U15_s23/runs/exp_eval/exp_eval__our_method__qwen2.5-7b-instruct__s23__868cd9f__20260424T125430123654Z/config.resolved.yaml,qwen2.5-7b-instruct,Qwen/Qwen2.5-7B-Instruct,c09e3866128bcc2ceeb57dbc9fd34e78b321500fe05c869cded1f49ff737ec92,d06c6c5674c5f1b5ed11aad031f0c4a829c6548ca80aada118ef8aaf421e3216,780e82f04ceea4062f1c59da58676726c1b45ea4a0d1a7c916c97c7dcfd1cbef,fd8154906d0355638ea44a98d090fd5b7a0fe889ffaea762bccd73707fda2489,34a728d2bf25cc54d7cd6a28721aa5470cc1b5bb908ed3207caa11e138fc285c,SECTION|TOPIC,157b4ef7d9ff5364c4beb082152855ec1f853950947f31f9442902be925d5d90,missing,5bbb502ea6b99b70e004602a5d5d8c16c0d219d647e47ee7daff32a231b497cf,c0d9233e0854125ecaa2f9a4ea531c88f74321e31b725781d1b803cb0e356d49,rs_config,run_files,"accepted,verifier_success,decoded_payload_correct"
exp_eval__our_method__qwen2.5-7b-instruct__s29__868cd9f__20260424T125430149261Z,B1_U00_s29,B1,1,29,U00,True,True,U00,U00,True,1.0,1.0,1.0,True,missing,1,2,2,0,missing,missing,not_configured_or_missing,/hpcstor6/scratch01/g/guanjie.lin001/tokenizer-evidence/g3a_block_scale/b1/U00_s29/runs/exp_train/exp_train__our_method__qwen2.5-7b-instruct__s29__868cd9f__20260424T032046849507Z/generated_text.txt,/hpcstor6/scratch01/g/guanjie.lin001/tokenizer-evidence/g3a_block_scale/b1/U00_s29/runs/exp_eval/exp_eval__our_method__qwen2.5-7b-instruct__s29__868cd9f__20260424T125430149261Z/eval_summary.json,/hpcstor6/scratch01/g/guanjie.lin001/tokenizer-evidence/g3a_block_scale/b1/U00_s29/runs/exp_train/exp_train__our_method__qwen2.5-7b-instruct__s29__868cd9f__20260424T032046849507Z/train_summary.json,/hpcstor6/scratch01/g/guanjie.lin001/tokenizer-evidence/g3a_block_scale/b1/U00_s29/runs/exp_train/exp_train__our_method__qwen2.5-7b-instruct__s29__868cd9f__20260424T032046849507Z/checkpoints/hf_last,/hpcstor6/scratch01/g/guanjie.lin001/tokenizer-evidence/g3a_block_scale/b1/U00_s29/runs/exp_eval/exp_eval__our_method__qwen2.5-7b-instruct__s29__868cd9f__20260424T125430149261Z/config.resolved.yaml,qwen2.5-7b-instruct,Qwen/Qwen2.5-7B-Instruct,c09e3866128bcc2ceeb57dbc9fd34e78b321500fe05c869cded1f49ff737ec92,d06c6c5674c5f1b5ed11aad031f0c4a829c6548ca80aada118ef8aaf421e3216,9d9050f917cf0cac63ad7102e34a17167170fbe6aaf18e4e474e38110b97960f,da613ecf886905b48fe20b73df5d15899ce38a0efc7081dbc67feda45901f87a,34a728d2bf25cc54d7cd6a28721aa5470cc1b5bb908ed3207caa11e138fc285c,SECTION|TOPIC,157b4ef7d9ff5364c4beb082152855ec1f853950947f31f9442902be925d5d90,missing,5bbb502ea6b99b70e004602a5d5d8c16c0d219d647e47ee7daff32a231b497cf,739cb1f25da56aa6f3e7b1c9a3c04cdfd264bbf064cf7a217e9d5440c66b5dc6,rs_config,run_files,
exp_eval__our_method__qwen2.5-7b-instruct__s29__868cd9f__20260424T125430171366Z,B1_U03_s29,B1,1,29,U03,True,True,U03,U03,True,1.0,1.0,1.0,True,missing,1,2,2,0,missing,missing,not_configured_or_missing,/hpcstor6/scratch01/g/guanjie.lin001/tokenizer-evidence/g3a_block_scale/b1/U03_s29/runs/exp_train/exp_train__our_method__qwen2.5-7b-instruct__s29__868cd9f__20260424T032046871568Z/generated_text.txt,/hpcstor6/scratch01/g/guanjie.lin001/tokenizer-evidence/g3a_block_scale/b1/U03_s29/runs/exp_eval/exp_eval__our_method__qwen2.5-7b-instruct__s29__868cd9f__20260424T125430171366Z/eval_summary.json,/hpcstor6/scratch01/g/guanjie.lin001/tokenizer-evidence/g3a_block_scale/b1/U03_s29/runs/exp_train/exp_train__our_method__qwen2.5-7b-instruct__s29__868cd9f__20260424T032046871568Z/train_summary.json,/hpcstor6/scratch01/g/guanjie.lin001/tokenizer-evidence/g3a_block_scale/b1/U03_s29/runs/exp_train/exp_train__our_method__qwen2.5-7b-instruct__s29__868cd9f__20260424T032046871568Z/checkpoints/hf_last,/hpcstor6/scratch01/g/guanjie.lin001/tokenizer-evidence/g3a_block_scale/b1/U03_s29/runs/exp_eval/exp_eval__our_method__qwen2.5-7b-instruct__s29__868cd9f__20260424T125430171366Z/config.resolved.yaml,qwen2.5-7b-instruct,Qwen/Qwen2.5-7B-Instruct,c09e3866128bcc2ceeb57dbc9fd34e78b321500fe05c869cded1f49ff737ec92,d06c6c5674c5f1b5ed11aad031f0c4a829c6548ca80aada118ef8aaf421e3216,8277e738c9909a526c1a06fe71eaf85debf3e492c5fa41ff811b2fc5ac9b3234,bb1cd99a4da68164a185431698b895efb91f2be87e4bf91e53ab9add3e752645,34a728d2bf25cc54d7cd6a28721aa5470cc1b5bb908ed3207caa11e138fc285c,SECTION|TOPIC,157b4ef7d9ff5364c4beb082152855ec1f853950947f31f9442902be925d5d90,missing,5bbb502ea6b99b70e004602a5d5d8c16c0d219d647e47ee7daff32a231b497cf,15d8759b2bcb512e8cf752c54efdf36201f5b75aab030bea7faa7ce8352a48c0,rs_config,run_files,
exp_eval__our_method__qwen2.5-7b-instruct__s29__868cd9f__20260424T125430194320Z,B1_U12_s29,B1,1,29,U12,True,True,U12,U12,True,1.0,1.0,1.0,True,missing,1,2,2,0,missing,missing,not_configured_or_missing,/hpcstor6/scratch01/g/guanjie.lin001/tokenizer-evidence/g3a_block_scale/b1/U12_s29/runs/exp_train/exp_train__our_method__qwen2.5-7b-instruct__s29__868cd9f__20260424T032046895647Z/generated_text.txt,/hpcstor6/scratch01/g/guanjie.lin001/tokenizer-evidence/g3a_block_scale/b1/U12_s29/runs/exp_eval/exp_eval__our_method__qwen2.5-7b-instruct__s29__868cd9f__20260424T125430194320Z/eval_summary.json,/hpcstor6/scratch01/g/guanjie.lin001/tokenizer-evidence/g3a_block_scale/b1/U12_s29/runs/exp_train/exp_train__our_method__qwen2.5-7b-instruct__s29__868cd9f__20260424T032046895647Z/train_summary.json,/hpcstor6/scratch01/g/guanjie.lin001/tokenizer-evidence/g3a_block_scale/b1/U12_s29/runs/exp_train/exp_train__our_method__qwen2.5-7b-instruct__s29__868cd9f__20260424T032046895647Z/checkpoints/hf_last,/hpcstor6/scratch01/g/guanjie.lin001/tokenizer-evidence/g3a_block_scale/b1/U12_s29/runs/exp_eval/exp_eval__our_method__qwen2.5-7b-instruct__s29__868cd9f__20260424T125430194320Z/config.resolved.yaml,qwen2.5-7b-instruct,Qwen/Qwen2.5-7B-Instruct,c09e3866128bcc2ceeb57dbc9fd34e78b321500fe05c869cded1f49ff737ec92,d06c6c5674c5f1b5ed11aad031f0c4a829c6548ca80aada118ef8aaf421e3216,b5c87a16fb9906072c6fd9c15f8b5649139c7f0db4b3d902954ba42c7853772b,f4cdcb7d290a605d43f1e782a21404b6cabd70f34a97dd0f334f7308b2265ae8,34a728d2bf25cc54d7cd6a28721aa5470cc1b5bb908ed3207caa11e138fc285c,SECTION|TOPIC,157b4ef7d9ff5364c4beb082152855ec1f853950947f31f9442902be925d5d90,missing,5bbb502ea6b99b70e004602a5d5d8c16c0d219d647e47ee7daff32a231b497cf,cdb12f99a3086b428b5926a2488c62f56d72502e29793f7f26ab914bb0d04df6,rs_config,run_files,
exp_eval__our_method__qwen2.5-7b-instruct__s29__868cd9f__20260424T125430216162Z,B1_U15_s29,B1,1,29,U15,True,True,U15,U15,True,1.0,1.0,1.0,True,missing,1,2,2,0,missing,missing,not_configured_or_missing,/hpcstor6/scratch01/g/guanjie.lin001/tokenizer-evidence/g3a_block_scale/b1/U15_s29/runs/exp_train/exp_train__our_method__qwen2.5-7b-instruct__s29__868cd9f__20260424T032046922229Z/generated_text.txt,/hpcstor6/scratch01/g/guanjie.lin001/tokenizer-evidence/g3a_block_scale/b1/U15_s29/runs/exp_eval/exp_eval__our_method__qwen2.5-7b-instruct__s29__868cd9f__20260424T125430216162Z/eval_summary.json,/hpcstor6/scratch01/g/guanjie.lin001/tokenizer-evidence/g3a_block_scale/b1/U15_s29/runs/exp_train/exp_train__our_method__qwen2.5-7b-instruct__s29__868cd9f__20260424T032046922229Z/train_summary.json,/hpcstor6/scratch01/g/guanjie.lin001/tokenizer-evidence/g3a_block_scale/b1/U15_s29/runs/exp_train/exp_train__our_method__qwen2.5-7b-instruct__s29__868cd9f__20260424T032046922229Z/checkpoints/hf_last,/hpcstor6/scratch01/g/guanjie.lin001/tokenizer-evidence/g3a_block_scale/b1/U15_s29/runs/exp_eval/exp_eval__our_method__qwen2.5-7b-instruct__s29__868cd9f__20260424T125430216162Z/config.resolved.yaml,qwen2.5-7b-instruct,Qwen/Qwen2.5-7B-Instruct,c09e3866128bcc2ceeb57dbc9fd34e78b321500fe05c869cded1f49ff737ec92,d06c6c5674c5f1b5ed11aad031f0c4a829c6548ca80aada118ef8aaf421e3216,780e82f04ceea4062f1c59da58676726c1b45ea4a0d1a7c916c97c7dcfd1cbef,fd8154906d0355638ea44a98d090fd5b7a0fe889ffaea762bccd73707fda2489,34a728d2bf25cc54d7cd6a28721aa5470cc1b5bb908ed3207caa11e138fc285c,SECTION|TOPIC,157b4ef7d9ff5364c4beb082152855ec1f853950947f31f9442902be925d5d90,missing,5bbb502ea6b99b70e004602a5d5d8c16c0d219d647e47ee7daff32a231b497cf,0e2511b6eae72562ffd6f51acba621df1699d8028bc90990feb2551fae10524e,rs_config,run_files,
exp_eval__our_method__qwen2.5-7b-instruct__s17__3165a68__20260421T145107598449Z,B2_U00_s17,B2,2,17,U00,True,True,U00,U00,True,1.0,1.0,1.0,True,missing,2,4,4,0,missing,missing,not_configured_or_missing,/hpcstor6/scratch01/g/guanjie.lin001/tokenizer-evidence/batch28b_qwen7b_c3r4/U00_s17/runs/exp_train/exp_train__our_method__qwen2.5-7b-instruct__s17__3165a68__20260421T062009043498Z/generated_text.txt,/hpcstor6/scratch01/g/guanjie.lin001/tokenizer-evidence/batch28b_qwen7b_c3r4/U00_s17/runs/exp_eval/exp_eval__our_method__qwen2.5-7b-instruct__s17__3165a68__20260421T145107598449Z/eval_summary.json,/hpcstor6/scratch01/g/guanjie.lin001/tokenizer-evidence/batch28b_qwen7b_c3r4/U00_s17/runs/exp_train/exp_train__our_method__qwen2.5-7b-instruct__s17__3165a68__20260421T062009043498Z/train_summary.json,/hpcstor6/scratch01/g/guanjie.lin001/tokenizer-evidence/batch28b_qwen7b_c3r4/U00_s17/runs/exp_train/exp_train__our_method__qwen2.5-7b-instruct__s17__3165a68__20260421T062009043498Z/checkpoints/hf_last,/hpcstor6/scratch01/g/guanjie.lin001/tokenizer-evidence/batch28b_qwen7b_c3r4/U00_s17/runs/exp_eval/exp_eval__our_method__qwen2.5-7b-instruct__s17__3165a68__20260421T145107598449Z/config.resolved.yaml,qwen2.5-7b-instruct,Qwen/Qwen2.5-7B-Instruct,c09e3866128bcc2ceeb57dbc9fd34e78b321500fe05c869cded1f49ff737ec92,f596eb5b1aa93c5178cd0d4e080566752399143f2665e871b2f832ac23327900,639b629ef2fa6827b2fb0fab37b5d8c0f59677e2bc5f3f50d0a8febe55751aee,c554b4ec89297b7bc4fb4373927da587f6b67edb4d0436a198db19b27f849bba,c09020fd75f3ed5ed7b9664abb4d97248ea7bb15ef8dbc321bdffc1f423ca456,SECTION|TOPIC,157b4ef7d9ff5364c4beb082152855ec1f853950947f31f9442902be925d5d90,missing,5bbb502ea6b99b70e004602a5d5d8c16c0d219d647e47ee7daff32a231b497cf,4d3ee4da92425896c82a9d9e8cbb15fff2fb744a41e4490fb9f9f4a6db7b4724,rs_config,run_files,
exp_eval__our_method__qwen2.5-7b-instruct__s17__3165a68__20260421T145107889702Z,B2_U03_s17,B2,2,17,U03,True,True,U03,U03,True,1.0,1.0,1.0,True,missing,2,4,4,0,missing,missing,not_configured_or_missing,/hpcstor6/scratch01/g/guanjie.lin001/tokenizer-evidence/batch28b_qwen7b_c3r4/U03_s17/runs/exp_train/exp_train__our_method__qwen2.5-7b-instruct__s17__3165a68__20260421T062009339920Z/generated_text.txt,/hpcstor6/scratch01/g/guanjie.lin001/tokenizer-evidence/batch28b_qwen7b_c3r4/U03_s17/runs/exp_eval/exp_eval__our_method__qwen2.5-7b-instruct__s17__3165a68__20260421T145107889702Z/eval_summary.json,/hpcstor6/scratch01/g/guanjie.lin001/tokenizer-evidence/batch28b_qwen7b_c3r4/U03_s17/runs/exp_train/exp_train__our_method__qwen2.5-7b-instruct__s17__3165a68__20260421T062009339920Z/train_summary.json,/hpcstor6/scratch01/g/guanjie.lin001/tokenizer-evidence/batch28b_qwen7b_c3r4/U03_s17/runs/exp_train/exp_train__our_method__qwen2.5-7b-instruct__s17__3165a68__20260421T062009339920Z/checkpoints/hf_last,/hpcstor6/scratch01/g/guanjie.lin001/tokenizer-evidence/batch28b_qwen7b_c3r4/U03_s17/runs/exp_eval/exp_eval__our_method__qwen2.5-7b-instruct__s17__3165a68__20260421T145107889702Z/config.resolved.yaml,qwen2.5-7b-instruct,Qwen/Qwen2.5-7B-Instruct,c09e3866128bcc2ceeb57dbc9fd34e78b321500fe05c869cded1f49ff737ec92,f596eb5b1aa93c5178cd0d4e080566752399143f2665e871b2f832ac23327900,d280407fc53da51263c3c81ae2d7ee30bb99020320cdcc4d7117203973fe54e6,354a867a612b17eb8be9bfea3599299c081e670805202ab21cf3f2367e6b68cc,c09020fd75f3ed5ed7b9664abb4d97248ea7bb15ef8dbc321bdffc1f423ca456,SECTION|TOPIC,157b4ef7d9ff5364c4beb082152855ec1f853950947f31f9442902be925d5d90,missing,5bbb502ea6b99b70e004602a5d5d8c16c0d219d647e47ee7daff32a231b497cf,c07d8abd434e8bb66cdb8a6acdf79874b2698ae27642c8a5d3dcd6b18d97f1bc,rs_config,run_files,
exp_eval__our_method__qwen2.5-7b-instruct__s17__3165a68__20260421T145108177529Z,B2_U12_s17,B2,2,17,U12,True,True,U12,U12,True,1.0,1.0,1.0,True,missing,2,4,4,0,missing,missing,not_configured_or_missing,/hpcstor6/scratch01/g/guanjie.lin001/tokenizer-evidence/batch28b_qwen7b_c3r4/U12_s17/runs/exp_train/exp_train__our_method__qwen2.5-7b-instruct__s17__3165a68__20260421T062009636763Z/generated_text.txt,/hpcstor6/scratch01/g/guanjie.lin001/tokenizer-evidence/batch28b_qwen7b_c3r4/U12_s17/runs/exp_eval/exp_eval__our_method__qwen2.5-7b-instruct__s17__3165a68__20260421T145108177529Z/eval_summary.json,/hpcstor6/scratch01/g/guanjie.lin001/tokenizer-evidence/batch28b_qwen7b_c3r4/U12_s17/runs/exp_train/exp_train__our_method__qwen2.5-7b-instruct__s17__3165a68__20260421T062009636763Z/train_summary.json,/hpcstor6/scratch01/g/guanjie.lin001/tokenizer-evidence/batch28b_qwen7b_c3r4/U12_s17/runs/exp_train/exp_train__our_method__qwen2.5-7b-instruct__s17__3165a68__20260421T062009636763Z/checkpoints/hf_last,/hpcstor6/scratch01/g/guanjie.lin001/tokenizer-evidence/batch28b_qwen7b_c3r4/U12_s17/runs/exp_eval/exp_eval__our_method__qwen2.5-7b-instruct__s17__3165a68__20260421T145108177529Z/config.resolved.yaml,qwen2.5-7b-instruct,Qwen/Qwen2.5-7B-Instruct,c09e3866128bcc2ceeb57dbc9fd34e78b321500fe05c869cded1f49ff737ec92,f596eb5b1aa93c5178cd0d4e080566752399143f2665e871b2f832ac23327900,2036038442085b3b41d885f98e94627a560dc4d72eced8b15ddbeedd64b36315,56c198f01a5b173ded6a1d3dd298f6f33c2640dbdd0ab136a19c0c6e4117265e,c09020fd75f3ed5ed7b9664abb4d97248ea7bb15ef8dbc321bdffc1f423ca456,SECTION|TOPIC,157b4ef7d9ff5364c4beb082152855ec1f853950947f31f9442902be925d5d90,missing,5bbb502ea6b99b70e004602a5d5d8c16c0d219d647e47ee7daff32a231b497cf,641834f668eded28127c80ad30b11a24388abdfe2e7f0d36830c56de6fdcf135,rs_config,run_files,
exp_eval__our_method__qwen2.5-7b-instruct__s17__3165a68__20260421T145108472357Z,B2_U15_s17,B2,2,17,U15,True,True,U15,U15,True,1.0,1.0,1.0,True,missing,2,4,4,0,missing,missing,not_configured_or_missing,/hpcstor6/scratch01/g/guanjie.lin001/tokenizer-evidence/batch28b_qwen7b_c3r4/U15_s17/runs/exp_train/exp_train__our_method__qwen2.5-7b-instruct__s17__3165a68__20260421T062009951332Z/generated_text.txt,/hpcstor6/scratch01/g/guanjie.lin001/tokenizer-evidence/batch28b_qwen7b_c3r4/U15_s17/runs/exp_eval/exp_eval__our_method__qwen2.5-7b-instruct__s17__3165a68__20260421T145108472357Z/eval_summary.json,/hpcstor6/scratch01/g/guanjie.lin001/tokenizer-evidence/batch28b_qwen7b_c3r4/U15_s17/runs/exp_train/exp_train__our_method__qwen2.5-7b-instruct__s17__3165a68__20260421T062009951332Z/train_summary.json,/hpcstor6/scratch01/g/guanjie.lin001/tokenizer-evidence/batch28b_qwen7b_c3r4/U15_s17/runs/exp_train/exp_train__our_method__qwen2.5-7b-instruct__s17__3165a68__20260421T062009951332Z/checkpoints/hf_last,/hpcstor6/scratch01/g/guanjie.lin001/tokenizer-evidence/batch28b_qwen7b_c3r4/U15_s17/runs/exp_eval/exp_eval__our_method__qwen2.5-7b-instruct__s17__3165a68__20260421T145108472357Z/config.resolved.yaml,qwen2.5-7b-instruct,Qwen/Qwen2.5-7B-Instruct,c09e3866128bcc2ceeb57dbc9fd34e78b321500fe05c869cded1f49ff737ec92,f596eb5b1aa93c5178cd0d4e080566752399143f2665e871b2f832ac23327900,6cb08666d4420f53e07520dcfbc9c4ff4aaf0776f9b9914c4cd14e49840bae87,136acbb7525f67cce34b237c8a7164c79a1782d433091e74e1bb7a05f0933ce2,c09020fd75f3ed5ed7b9664abb4d97248ea7bb15ef8dbc321bdffc1f423ca456,SECTION|TOPIC,157b4ef7d9ff5364c4beb082152855ec1f853950947f31f9442902be925d5d90,missing,5bbb502ea6b99b70e004602a5d5d8c16c0d219d647e47ee7daff32a231b497cf,1c4b091356a245a0cc9dddc138658f2171e431f5f56014f443aafa912910d39c,rs_config,run_files,
exp_eval__our_method__qwen2.5-7b-instruct__s23__73035dc__20260420T230401310766Z,B2_U00_s23,B2,2,23,U00,True,True,U00,U00,True,1.0,1.0,1.0,True,missing,2,4,4,0,missing,missing,not_configured_or_missing,/hpcstor6/scratch01/g/guanjie.lin001/tokenizer-evidence/batch28b_qwen7b_c3r2/U00_s23/runs/exp_train/exp_train__our_method__qwen2.5-7b-instruct__s23__73035dc__20260420T194153085723Z/generated_text.txt,/hpcstor6/scratch01/g/guanjie.lin001/tokenizer-evidence/batch28b_qwen7b_c3r2/U00_s23/runs/exp_eval/exp_eval__our_method__qwen2.5-7b-instruct__s23__73035dc__20260420T230401310766Z/eval_summary.json,/hpcstor6/scratch01/g/guanjie.lin001/tokenizer-evidence/batch28b_qwen7b_c3r2/U00_s23/runs/exp_train/exp_train__our_method__qwen2.5-7b-instruct__s23__73035dc__20260420T194153085723Z/train_summary.json,/hpcstor6/scratch01/g/guanjie.lin001/tokenizer-evidence/batch28b_qwen7b_c3r2/U00_s23/runs/exp_train/exp_train__our_method__qwen2.5-7b-instruct__s23__73035dc__20260420T194153085723Z/checkpoints/hf_last,/hpcstor6/scratch01/g/guanjie.lin001/tokenizer-evidence/batch28b_qwen7b_c3r2/U00_s23/runs/exp_eval/exp_eval__our_method__qwen2.5-7b-instruct__s23__73035dc__20260420T230401310766Z/config.resolved.yaml,qwen2.5-7b-instruct,Qwen/Qwen2.5-7B-Instruct,c09e3866128bcc2ceeb57dbc9fd34e78b321500fe05c869cded1f49ff737ec92,f596eb5b1aa93c5178cd0d4e080566752399143f2665e871b2f832ac23327900,639b629ef2fa6827b2fb0fab37b5d8c0f59677e2bc5f3f50d0a8febe55751aee,c554b4ec89297b7bc4fb4373927da587f6b67edb4d0436a198db19b27f849bba,c09020fd75f3ed5ed7b9664abb4d97248ea7bb15ef8dbc321bdffc1f423ca456,SECTION|TOPIC,157b4ef7d9ff5364c4beb082152855ec1f853950947f31f9442902be925d5d90,missing,5bbb502ea6b99b70e004602a5d5d8c16c0d219d647e47ee7daff32a231b497cf,2173981f5b7a0234b580426614cad9ea3f92ef1e167ac120555ae31df45d4a88,rs_config,run_files,
exp_eval__our_method__qwen2.5-7b-instruct__s23__e1a9857__20260421T045000580189Z,B2_U03_s23,B2,2,23,U03,True,True,U03,U03,True,1.0,1.0,1.0,True,missing,2,4,4,0,missing,missing,not_configured_or_missing,/hpcstor6/scratch01/g/guanjie.lin001/tokenizer-evidence/batch28b_qwen7b_c3r3/U03_s23/runs/exp_train/exp_train__our_method__qwen2.5-7b-instruct__s23__e1a9857__20260421T030903669721Z/generated_text.txt,/hpcstor6/scratch01/g/guanjie.lin001/tokenizer-evidence/batch28b_qwen7b_c3r3/U03_s23/runs/exp_eval/exp_eval__our_method__qwen2.5-7b-instruct__s23__e1a9857__20260421T045000580189Z/eval_summary.json,/hpcstor6/scratch01/g/guanjie.lin001/tokenizer-evidence/batch28b_qwen7b_c3r3/U03_s23/runs/exp_train/exp_train__our_method__qwen2.5-7b-instruct__s23__e1a9857__20260421T030903669721Z/train_summary.json,/hpcstor6/scratch01/g/guanjie.lin001/tokenizer-evidence/batch28b_qwen7b_c3r3/U03_s23/runs/exp_train/exp_train__our_method__qwen2.5-7b-instruct__s23__e1a9857__20260421T030903669721Z/checkpoints/hf_last,/hpcstor6/scratch01/g/guanjie.lin001/tokenizer-evidence/batch28b_qwen7b_c3r3/U03_s23/runs/exp_eval/exp_eval__our_method__qwen2.5-7b-instruct__s23__e1a9857__20260421T045000580189Z/config.resolved.yaml,qwen2.5-7b-instruct,Qwen/Qwen2.5-7B-Instruct,c09e3866128bcc2ceeb57dbc9fd34e78b321500fe05c869cded1f49ff737ec92,f596eb5b1aa93c5178cd0d4e080566752399143f2665e871b2f832ac23327900,d280407fc53da51263c3c81ae2d7ee30bb99020320cdcc4d7117203973fe54e6,354a867a612b17eb8be9bfea3599299c081e670805202ab21cf3f2367e6b68cc,c09020fd75f3ed5ed7b9664abb4d97248ea7bb15ef8dbc321bdffc1f423ca456,SECTION|TOPIC,157b4ef7d9ff5364c4beb082152855ec1f853950947f31f9442902be925d5d90,missing,5bbb502ea6b99b70e004602a5d5d8c16c0d219d647e47ee7daff32a231b497cf,010f72c4243520e21228f072b64946da4ac1ab9bc4f9d4ffcc78d213b2734638,rs_config,run_files,
exp_eval__our_method__qwen2.5-7b-instruct__s23__e1a9857__20260421T045010162257Z,B2_U12_s23,B2,2,23,U12,True,True,U12,U12,True,1.0,1.0,1.0,True,missing,2,4,4,0,missing,missing,not_configured_or_missing,/hpcstor6/scratch01/g/guanjie.lin001/tokenizer-evidence/batch28b_qwen7b_c3r3/U12_s23/runs/exp_train/exp_train__our_method__qwen2.5-7b-instruct__s23__e1a9857__20260421T032232114182Z/generated_text.txt,/hpcstor6/scratch01/g/guanjie.lin001/tokenizer-evidence/batch28b_qwen7b_c3r3/U12_s23/runs/exp_eval/exp_eval__our_method__qwen2.5-7b-instruct__s23__e1a9857__20260421T045010162257Z/eval_summary.json,/hpcstor6/scratch01/g/guanjie.lin001/tokenizer-evidence/batch28b_qwen7b_c3r3/U12_s23/runs/exp_train/exp_train__our_method__qwen2.5-7b-instruct__s23__e1a9857__20260421T032232114182Z/train_summary.json,/hpcstor6/scratch01/g/guanjie.lin001/tokenizer-evidence/batch28b_qwen7b_c3r3/U12_s23/runs/exp_train/exp_train__our_method__qwen2.5-7b-instruct__s23__e1a9857__20260421T032232114182Z/checkpoints/hf_last,/hpcstor6/scratch01/g/guanjie.lin001/tokenizer-evidence/batch28b_qwen7b_c3r3/U12_s23/runs/exp_eval/exp_eval__our_method__qwen2.5-7b-instruct__s23__e1a9857__20260421T045010162257Z/config.resolved.yaml,qwen2.5-7b-instruct,Qwen/Qwen2.5-7B-Instruct,c09e3866128bcc2ceeb57dbc9fd34e78b321500fe05c869cded1f49ff737ec92,f596eb5b1aa93c5178cd0d4e080566752399143f2665e871b2f832ac23327900,2036038442085b3b41d885f98e94627a560dc4d72eced8b15ddbeedd64b36315,56c198f01a5b173ded6a1d3dd298f6f33c2640dbdd0ab136a19c0c6e4117265e,c09020fd75f3ed5ed7b9664abb4d97248ea7bb15ef8dbc321bdffc1f423ca456,SECTION|TOPIC,157b4ef7d9ff5364c4beb082152855ec1f853950947f31f9442902be925d5d90,missing,5bbb502ea6b99b70e004602a5d5d8c16c0d219d647e47ee7daff32a231b497cf,215cfd610554a8bf8557c8f3919c14afe3d9f07feac80436422018b3f6c2ac13,rs_config,run_files,
exp_eval__our_method__qwen2.5-7b-instruct__s23__73035dc__20260421T004320265591Z,B2_U15_s23,B2,2,23,U15,True,True,U15,U15,True,1.0,1.0,1.0,True,missing,2,4,4,0,missing,missing,not_configured_or_missing,/hpcstor6/scratch01/g/guanjie.lin001/tokenizer-evidence/batch28b_qwen7b_c3r2/U15_s23/runs/exp_train/exp_train__our_method__qwen2.5-7b-instruct__s23__73035dc__20260420T230423059695Z/generated_text.txt,/hpcstor6/scratch01/g/guanjie.lin001/tokenizer-evidence/batch28b_qwen7b_c3r2/U15_s23/runs/exp_eval/exp_eval__our_method__qwen2.5-7b-instruct__s23__73035dc__20260421T004320265591Z/eval_summary.json,/hpcstor6/scratch01/g/guanjie.lin001/tokenizer-evidence/batch28b_qwen7b_c3r2/U15_s23/runs/exp_train/exp_train__our_method__qwen2.5-7b-instruct__s23__73035dc__20260420T230423059695Z/train_summary.json,/hpcstor6/scratch01/g/guanjie.lin001/tokenizer-evidence/batch28b_qwen7b_c3r2/U15_s23/runs/exp_train/exp_train__our_method__qwen2.5-7b-instruct__s23__73035dc__20260420T230423059695Z/checkpoints/hf_last,/hpcstor6/scratch01/g/guanjie.lin001/tokenizer-evidence/batch28b_qwen7b_c3r2/U15_s23/runs/exp_eval/exp_eval__our_method__qwen2.5-7b-instruct__s23__73035dc__20260421T004320265591Z/config.resolved.yaml,qwen2.5-7b-instruct,Qwen/Qwen2.5-7B-Instruct,c09e3866128bcc2ceeb57dbc9fd34e78b321500fe05c869cded1f49ff737ec92,f596eb5b1aa93c5178cd0d4e080566752399143f2665e871b2f832ac23327900,6cb08666d4420f53e07520dcfbc9c4ff4aaf0776f9b9914c4cd14e49840bae87,136acbb7525f67cce34b237c8a7164c79a1782d433091e74e1bb7a05f0933ce2,c09020fd75f3ed5ed7b9664abb4d97248ea7bb15ef8dbc321bdffc1f423ca456,SECTION|TOPIC,157b4ef7d9ff5364c4beb082152855ec1f853950947f31f9442902be925d5d90,missing,5bbb502ea6b99b70e004602a5d5d8c16c0d219d647e47ee7daff32a231b497cf,f2d154bb1047b412196e294888eda99f5fdf4b18a927e172b81941b9e9b49d19,rs_config,run_files,
exp_eval__our_method__qwen2.5-7b-instruct__s29__73035dc__20260420T230401606944Z,B2_U00_s29,B2,2,29,U00,True,True,U00,U00,True,1.0,1.0,1.0,True,missing,2,4,4,0,missing,missing,not_configured_or_missing,/hpcstor6/scratch01/g/guanjie.lin001/tokenizer-evidence/batch28b_qwen7b_c3r2/U00_s29/runs/exp_train/exp_train__our_method__qwen2.5-7b-instruct__s29__73035dc__20260420T194153381099Z/generated_text.txt,/hpcstor6/scratch01/g/guanjie.lin001/tokenizer-evidence/batch28b_qwen7b_c3r2/U00_s29/runs/exp_eval/exp_eval__our_method__qwen2.5-7b-instruct__s29__73035dc__20260420T230401606944Z/eval_summary.json,/hpcstor6/scratch01/g/guanjie.lin001/tokenizer-evidence/batch28b_qwen7b_c3r2/U00_s29/runs/exp_train/exp_train__our_method__qwen2.5-7b-instruct__s29__73035dc__20260420T194153381099Z/train_summary.json,/hpcstor6/scratch01/g/guanjie.lin001/tokenizer-evidence/batch28b_qwen7b_c3r2/U00_s29/runs/exp_train/exp_train__our_method__qwen2.5-7b-instruct__s29__73035dc__20260420T194153381099Z/checkpoints/hf_last,/hpcstor6/scratch01/g/guanjie.lin001/tokenizer-evidence/batch28b_qwen7b_c3r2/U00_s29/runs/exp_eval/exp_eval__our_method__qwen2.5-7b-instruct__s29__73035dc__20260420T230401606944Z/config.resolved.yaml,qwen2.5-7b-instruct,Qwen/Qwen2.5-7B-Instruct,c09e3866128bcc2ceeb57dbc9fd34e78b321500fe05c869cded1f49ff737ec92,f596eb5b1aa93c5178cd0d4e080566752399143f2665e871b2f832ac23327900,639b629ef2fa6827b2fb0fab37b5d8c0f59677e2bc5f3f50d0a8febe55751aee,c554b4ec89297b7bc4fb4373927da587f6b67edb4d0436a198db19b27f849bba,c09020fd75f3ed5ed7b9664abb4d97248ea7bb15ef8dbc321bdffc1f423ca456,SECTION|TOPIC,157b4ef7d9ff5364c4beb082152855ec1f853950947f31f9442902be925d5d90,missing,5bbb502ea6b99b70e004602a5d5d8c16c0d219d647e47ee7daff32a231b497cf,8229ff660d281db93a4bc556edc85d99a8aa3ffc1ffe4f01440adbaff001134b,rs_config,run_files,
exp_eval__our_method__qwen2.5-7b-instruct__s29__e1a9857__20260421T045000886274Z,B2_U03_s29,B2,2,29,U03,True,True,U03,U03,True,1.0,1.0,1.0,True,missing,2,4,4,0,missing,missing,not_configured_or_missing,/hpcstor6/scratch01/g/guanjie.lin001/tokenizer-evidence/batch28b_qwen7b_c3r3/U03_s29/runs/exp_train/exp_train__our_method__qwen2.5-7b-instruct__s29__e1a9857__20260421T030903968866Z/generated_text.txt,/hpcstor6/scratch01/g/guanjie.lin001/tokenizer-evidence/batch28b_qwen7b_c3r3/U03_s29/runs/exp_eval/exp_eval__our_method__qwen2.5-7b-instruct__s29__e1a9857__20260421T045000886274Z/eval_summary.json,/hpcstor6/scratch01/g/guanjie.lin001/tokenizer-evidence/batch28b_qwen7b_c3r3/U03_s29/runs/exp_train/exp_train__our_method__qwen2.5-7b-instruct__s29__e1a9857__20260421T030903968866Z/train_summary.json,/hpcstor6/scratch01/g/guanjie.lin001/tokenizer-evidence/batch28b_qwen7b_c3r3/U03_s29/runs/exp_train/exp_train__our_method__qwen2.5-7b-instruct__s29__e1a9857__20260421T030903968866Z/checkpoints/hf_last,/hpcstor6/scratch01/g/guanjie.lin001/tokenizer-evidence/batch28b_qwen7b_c3r3/U03_s29/runs/exp_eval/exp_eval__our_method__qwen2.5-7b-instruct__s29__e1a9857__20260421T045000886274Z/config.resolved.yaml,qwen2.5-7b-instruct,Qwen/Qwen2.5-7B-Instruct,c09e3866128bcc2ceeb57dbc9fd34e78b321500fe05c869cded1f49ff737ec92,f596eb5b1aa93c5178cd0d4e080566752399143f2665e871b2f832ac23327900,d280407fc53da51263c3c81ae2d7ee30bb99020320cdcc4d7117203973fe54e6,354a867a612b17eb8be9bfea3599299c081e670805202ab21cf3f2367e6b68cc,c09020fd75f3ed5ed7b9664abb4d97248ea7bb15ef8dbc321bdffc1f423ca456,SECTION|TOPIC,157b4ef7d9ff5364c4beb082152855ec1f853950947f31f9442902be925d5d90,missing,5bbb502ea6b99b70e004602a5d5d8c16c0d219d647e47ee7daff32a231b497cf,83f4a7652d4ec71b7543befe619d1f8efa772ccee4f0ab0727869aab70be3133,rs_config,run_files,
exp_eval__our_method__qwen2.5-7b-instruct__s29__e1a9857__20260421T045010467146Z,B2_U12_s29,B2,2,29,U12,True,True,U12,U12,True,1.0,1.0,1.0,True,missing,2,4,4,0,missing,missing,not_configured_or_missing,/hpcstor6/scratch01/g/guanjie.lin001/tokenizer-evidence/batch28b_qwen7b_c3r3/U12_s29/runs/exp_train/exp_train__our_method__qwen2.5-7b-instruct__s29__e1a9857__20260421T032232417707Z/generated_text.txt,/hpcstor6/scratch01/g/guanjie.lin001/tokenizer-evidence/batch28b_qwen7b_c3r3/U12_s29/runs/exp_eval/exp_eval__our_method__qwen2.5-7b-instruct__s29__e1a9857__20260421T045010467146Z/eval_summary.json,/hpcstor6/scratch01/g/guanjie.lin001/tokenizer-evidence/batch28b_qwen7b_c3r3/U12_s29/runs/exp_train/exp_train__our_method__qwen2.5-7b-instruct__s29__e1a9857__20260421T032232417707Z/train_summary.json,/hpcstor6/scratch01/g/guanjie.lin001/tokenizer-evidence/batch28b_qwen7b_c3r3/U12_s29/runs/exp_train/exp_train__our_method__qwen2.5-7b-instruct__s29__e1a9857__20260421T032232417707Z/checkpoints/hf_last,/hpcstor6/scratch01/g/guanjie.lin001/tokenizer-evidence/batch28b_qwen7b_c3r3/U12_s29/runs/exp_eval/exp_eval__our_method__qwen2.5-7b-instruct__s29__e1a9857__20260421T045010467146Z/config.resolved.yaml,qwen2.5-7b-instruct,Qwen/Qwen2.5-7B-Instruct,c09e3866128bcc2ceeb57dbc9fd34e78b321500fe05c869cded1f49ff737ec92,f596eb5b1aa93c5178cd0d4e080566752399143f2665e871b2f832ac23327900,2036038442085b3b41d885f98e94627a560dc4d72eced8b15ddbeedd64b36315,56c198f01a5b173ded6a1d3dd298f6f33c2640dbdd0ab136a19c0c6e4117265e,c09020fd75f3ed5ed7b9664abb4d97248ea7bb15ef8dbc321bdffc1f423ca456,SECTION|TOPIC,157b4ef7d9ff5364c4beb082152855ec1f853950947f31f9442902be925d5d90,missing,5bbb502ea6b99b70e004602a5d5d8c16c0d219d647e47ee7daff32a231b497cf,d6cff29d5375af2a6df07fa91c8631349daf9c77e563f4d3fec08385ff71ced9,rs_config,run_files,
exp_eval__our_method__qwen2.5-7b-instruct__s29__73035dc__20260421T004320555566Z,B2_U15_s29,B2,2,29,U15,True,True,U15,U15,True,1.0,1.0,1.0,True,missing,2,4,4,0,missing,missing,not_configured_or_missing,/hpcstor6/scratch01/g/guanjie.lin001/tokenizer-evidence/batch28b_qwen7b_c3r2/U15_s29/runs/exp_train/exp_train__our_method__qwen2.5-7b-instruct__s29__73035dc__20260420T230423357094Z/generated_text.txt,/hpcstor6/scratch01/g/guanjie.lin001/tokenizer-evidence/batch28b_qwen7b_c3r2/U15_s29/runs/exp_eval/exp_eval__our_method__qwen2.5-7b-instruct__s29__73035dc__20260421T004320555566Z/eval_summary.json,/hpcstor6/scratch01/g/guanjie.lin001/tokenizer-evidence/batch28b_qwen7b_c3r2/U15_s29/runs/exp_train/exp_train__our_method__qwen2.5-7b-instruct__s29__73035dc__20260420T230423357094Z/train_summary.json,/hpcstor6/scratch01/g/guanjie.lin001/tokenizer-evidence/batch28b_qwen7b_c3r2/U15_s29/runs/exp_train/exp_train__our_method__qwen2.5-7b-instruct__s29__73035dc__20260420T230423357094Z/checkpoints/hf_last,/hpcstor6/scratch01/g/guanjie.lin001/tokenizer-evidence/batch28b_qwen7b_c3r2/U15_s29/runs/exp_eval/exp_eval__our_method__qwen2.5-7b-instruct__s29__73035dc__20260421T004320555566Z/config.resolved.yaml,qwen2.5-7b-instruct,Qwen/Qwen2.5-7B-Instruct,c09e3866128bcc2ceeb57dbc9fd34e78b321500fe05c869cded1f49ff737ec92,f596eb5b1aa93c5178cd0d4e080566752399143f2665e871b2f832ac23327900,6cb08666d4420f53e07520dcfbc9c4ff4aaf0776f9b9914c4cd14e49840bae87,136acbb7525f67cce34b237c8a7164c79a1782d433091e74e1bb7a05f0933ce2,c09020fd75f3ed5ed7b9664abb4d97248ea7bb15ef8dbc321bdffc1f423ca456,SECTION|TOPIC,157b4ef7d9ff5364c4beb082152855ec1f853950947f31f9442902be925d5d90,missing,5bbb502ea6b99b70e004602a5d5d8c16c0d219d647e47ee7daff32a231b497cf,64f7243039b8259568d986e63ff73e3ed2782a50a593f39b320a53937f04c38c,rs_config,run_files,
exp_eval__our_method__qwen2.5-7b-instruct__s17__868cd9f__20260424T125430237795Z,B4_U00_s17,B4,4,17,U00,True,True,U00,U00,True,1.0,1.0,1.0,True,missing,4,8,8,0,missing,missing,not_configured_or_missing,/hpcstor6/scratch01/g/guanjie.lin001/tokenizer-evidence/g3a_block_scale/b4/U00_s17/runs/exp_train/exp_train__our_method__qwen2.5-7b-instruct__s17__868cd9f__20260424T032046945102Z/generated_text.txt,/hpcstor6/scratch01/g/guanjie.lin001/tokenizer-evidence/g3a_block_scale/b4/U00_s17/runs/exp_eval/exp_eval__our_method__qwen2.5-7b-instruct__s17__868cd9f__20260424T125430237795Z/eval_summary.json,/hpcstor6/scratch01/g/guanjie.lin001/tokenizer-evidence/g3a_block_scale/b4/U00_s17/runs/exp_train/exp_train__our_method__qwen2.5-7b-instruct__s17__868cd9f__20260424T032046945102Z/train_summary.json,/hpcstor6/scratch01/g/guanjie.lin001/tokenizer-evidence/g3a_block_scale/b4/U00_s17/runs/exp_train/exp_train__our_method__qwen2.5-7b-instruct__s17__868cd9f__20260424T032046945102Z/checkpoints/hf_last,/hpcstor6/scratch01/g/guanjie.lin001/tokenizer-evidence/g3a_block_scale/b4/U00_s17/runs/exp_eval/exp_eval__our_method__qwen2.5-7b-instruct__s17__868cd9f__20260424T125430237795Z/config.resolved.yaml,qwen2.5-7b-instruct,Qwen/Qwen2.5-7B-Instruct,c09e3866128bcc2ceeb57dbc9fd34e78b321500fe05c869cded1f49ff737ec92,3dbe09240b2ec3501867cfc7272b95770f076f37fb1d617387f49f48946fb558,e0f5fa3c25d0161cfcf13fe7b9fcc3e38630c40769dbd9c15d238e82f7fe6079,a4ddde7747b0560fea9237b8f8d3ec1fcb830730efa5c2249d56f15711d090fc,52467f746c346054b65cde66b56158c34f6242bea163b0f0fc3690c3b0f95e80,SECTION|TOPIC,157b4ef7d9ff5364c4beb082152855ec1f853950947f31f9442902be925d5d90,missing,5bbb502ea6b99b70e004602a5d5d8c16c0d219d647e47ee7daff32a231b497cf,158c6f697cd33be788345338fcadcf7ad7ca6978853dcca11c52662b1477689f,rs_config,run_files,
exp_eval__our_method__qwen2.5-7b-instruct__s17__868cd9f__20260424T125430259969Z,B4_U03_s17,B4,4,17,U03,True,True,U03,U03,True,1.0,1.0,1.0,True,missing,4,8,8,0,missing,missing,not_configured_or_missing,/hpcstor6/scratch01/g/guanjie.lin001/tokenizer-evidence/g3a_block_scale/b4/U03_s17/runs/exp_train/exp_train__our_method__qwen2.5-7b-instruct__s17__868cd9f__20260424T032046969130Z/generated_text.txt,/hpcstor6/scratch01/g/guanjie.lin001/tokenizer-evidence/g3a_block_scale/b4/U03_s17/runs/exp_eval/exp_eval__our_method__qwen2.5-7b-instruct__s17__868cd9f__20260424T125430259969Z/eval_summary.json,/hpcstor6/scratch01/g/guanjie.lin001/tokenizer-evidence/g3a_block_scale/b4/U03_s17/runs/exp_train/exp_train__our_method__qwen2.5-7b-instruct__s17__868cd9f__20260424T032046969130Z/train_summary.json,/hpcstor6/scratch01/g/guanjie.lin001/tokenizer-evidence/g3a_block_scale/b4/U03_s17/runs/exp_train/exp_train__our_method__qwen2.5-7b-instruct__s17__868cd9f__20260424T032046969130Z/checkpoints/hf_last,/hpcstor6/scratch01/g/guanjie.lin001/tokenizer-evidence/g3a_block_scale/b4/U03_s17/runs/exp_eval/exp_eval__our_method__qwen2.5-7b-instruct__s17__868cd9f__20260424T125430259969Z/config.resolved.yaml,qwen2.5-7b-instruct,Qwen/Qwen2.5-7B-Instruct,c09e3866128bcc2ceeb57dbc9fd34e78b321500fe05c869cded1f49ff737ec92,3dbe09240b2ec3501867cfc7272b95770f076f37fb1d617387f49f48946fb558,eb5e82741b163219c87251b41891b2b7995d1b1fde035bb22f862e1cf64a013f,101a0d60f6fa391cce21f90597051c4700bcb95d9244db52e7058b65bafec06c,52467f746c346054b65cde66b56158c34f6242bea163b0f0fc3690c3b0f95e80,SECTION|TOPIC,157b4ef7d9ff5364c4beb082152855ec1f853950947f31f9442902be925d5d90,missing,5bbb502ea6b99b70e004602a5d5d8c16c0d219d647e47ee7daff32a231b497cf,14bda1a5521a3bbf9f69d495ddbb8715a79eb33474445117977f25b725391fd8,rs_config,run_files,
exp_eval__our_method__qwen2.5-7b-instruct__s17__868cd9f__20260424T125430281283Z,B4_U12_s17,B4,4,17,U12,True,True,U12,U12,True,1.0,1.0,1.0,True,missing,4,8,8,0,missing,missing,not_configured_or_missing,/hpcstor6/scratch01/g/guanjie.lin001/tokenizer-evidence/g3a_block_scale/b4/U12_s17/runs/exp_train/exp_train__our_method__qwen2.5-7b-instruct__s17__868cd9f__20260424T032046992499Z/generated_text.txt,/hpcstor6/scratch01/g/guanjie.lin001/tokenizer-evidence/g3a_block_scale/b4/U12_s17/runs/exp_eval/exp_eval__our_method__qwen2.5-7b-instruct__s17__868cd9f__20260424T125430281283Z/eval_summary.json,/hpcstor6/scratch01/g/guanjie.lin001/tokenizer-evidence/g3a_block_scale/b4/U12_s17/runs/exp_train/exp_train__our_method__qwen2.5-7b-instruct__s17__868cd9f__20260424T032046992499Z/train_summary.json,/hpcstor6/scratch01/g/guanjie.lin001/tokenizer-evidence/g3a_block_scale/b4/U12_s17/runs/exp_train/exp_train__our_method__qwen2.5-7b-instruct__s17__868cd9f__20260424T032046992499Z/checkpoints/hf_last,/hpcstor6/scratch01/g/guanjie.lin001/tokenizer-evidence/g3a_block_scale/b4/U12_s17/runs/exp_eval/exp_eval__our_method__qwen2.5-7b-instruct__s17__868cd9f__20260424T125430281283Z/config.resolved.yaml,qwen2.5-7b-instruct,Qwen/Qwen2.5-7B-Instruct,c09e3866128bcc2ceeb57dbc9fd34e78b321500fe05c869cded1f49ff737ec92,3dbe09240b2ec3501867cfc7272b95770f076f37fb1d617387f49f48946fb558,024ec5a9414e975890c11db16d71ea960f247621b56daf1fc031c20a71a448da,b44b520ac3ac372e951c7b0cb8b5c5d8a2ec1c8e2ca2ddfc1eb3cd1bfd217864,52467f746c346054b65cde66b56158c34f6242bea163b0f0fc3690c3b0f95e80,SECTION|TOPIC,157b4ef7d9ff5364c4beb082152855ec1f853950947f31f9442902be925d5d90,missing,5bbb502ea6b99b70e004602a5d5d8c16c0d219d647e47ee7daff32a231b497cf,cb8813f84872604c7ceb0b2e1076a325b1e17380e5cb1984207608e777edfdca,rs_config,run_files,
exp_eval__our_method__qwen2.5-7b-instruct__s17__868cd9f__20260424T125430302597Z,B4_U15_s17,B4,4,17,U15,True,True,U15,U15,True,1.0,1.0,1.0,True,missing,4,8,8,0,missing,missing,not_configured_or_missing,/hpcstor6/scratch01/g/guanjie.lin001/tokenizer-evidence/g3a_block_scale/b4/U15_s17/runs/exp_train/exp_train__our_method__qwen2.5-7b-instruct__s17__868cd9f__20260424T032047018703Z/generated_text.txt,/hpcstor6/scratch01/g/guanjie.lin001/tokenizer-evidence/g3a_block_scale/b4/U15_s17/runs/exp_eval/exp_eval__our_method__qwen2.5-7b-instruct__s17__868cd9f__20260424T125430302597Z/eval_summary.json,/hpcstor6/scratch01/g/guanjie.lin001/tokenizer-evidence/g3a_block_scale/b4/U15_s17/runs/exp_train/exp_train__our_method__qwen2.5-7b-instruct__s17__868cd9f__20260424T032047018703Z/train_summary.json,/hpcstor6/scratch01/g/guanjie.lin001/tokenizer-evidence/g3a_block_scale/b4/U15_s17/runs/exp_train/exp_train__our_method__qwen2.5-7b-instruct__s17__868cd9f__20260424T032047018703Z/checkpoints/hf_last,/hpcstor6/scratch01/g/guanjie.lin001/tokenizer-evidence/g3a_block_scale/b4/U15_s17/runs/exp_eval/exp_eval__our_method__qwen2.5-7b-instruct__s17__868cd9f__20260424T125430302597Z/config.resolved.yaml,qwen2.5-7b-instruct,Qwen/Qwen2.5-7B-Instruct,c09e3866128bcc2ceeb57dbc9fd34e78b321500fe05c869cded1f49ff737ec92,3dbe09240b2ec3501867cfc7272b95770f076f37fb1d617387f49f48946fb558,2e49a12d809727032904986250ab81e400d1e0baa2c9d5aa9f7d9a08b94a4d1d,4895bdc6a2c128f57294f54e868b0b2a49a1f7d9da8945f76cbedbd379a0e9e2,52467f746c346054b65cde66b56158c34f6242bea163b0f0fc3690c3b0f95e80,SECTION|TOPIC,157b4ef7d9ff5364c4beb082152855ec1f853950947f31f9442902be925d5d90,missing,5bbb502ea6b99b70e004602a5d5d8c16c0d219d647e47ee7daff32a231b497cf,45572a0b357feea583e5e2d2e7841357e426eae1ef2c64bfd8eddde9ce8c7398,rs_config,run_files,
exp_eval__our_method__qwen2.5-7b-instruct__s23__868cd9f__20260424T125430324051Z,B4_U00_s23,B4,4,23,U00,True,True,U00,U00,True,1.0,1.0,1.0,True,missing,4,8,8,0,missing,missing,not_configured_or_missing,/hpcstor6/scratch01/g/guanjie.lin001/tokenizer-evidence/g3a_block_scale/b4/U00_s23/runs/exp_train/exp_train__our_method__qwen2.5-7b-instruct__s23__868cd9f__20260424T032047042346Z/generated_text.txt,/hpcstor6/scratch01/g/guanjie.lin001/tokenizer-evidence/g3a_block_scale/b4/U00_s23/runs/exp_eval/exp_eval__our_method__qwen2.5-7b-instruct__s23__868cd9f__20260424T125430324051Z/eval_summary.json,/hpcstor6/scratch01/g/guanjie.lin001/tokenizer-evidence/g3a_block_scale/b4/U00_s23/runs/exp_train/exp_train__our_method__qwen2.5-7b-instruct__s23__868cd9f__20260424T032047042346Z/train_summary.json,/hpcstor6/scratch01/g/guanjie.lin001/tokenizer-evidence/g3a_block_scale/b4/U00_s23/runs/exp_train/exp_train__our_method__qwen2.5-7b-instruct__s23__868cd9f__20260424T032047042346Z/checkpoints/hf_last,/hpcstor6/scratch01/g/guanjie.lin001/tokenizer-evidence/g3a_block_scale/b4/U00_s23/runs/exp_eval/exp_eval__our_method__qwen2.5-7b-instruct__s23__868cd9f__20260424T125430324051Z/config.resolved.yaml,qwen2.5-7b-instruct,Qwen/Qwen2.5-7B-Instruct,c09e3866128bcc2ceeb57dbc9fd34e78b321500fe05c869cded1f49ff737ec92,3dbe09240b2ec3501867cfc7272b95770f076f37fb1d617387f49f48946fb558,e0f5fa3c25d0161cfcf13fe7b9fcc3e38630c40769dbd9c15d238e82f7fe6079,a4ddde7747b0560fea9237b8f8d3ec1fcb830730efa5c2249d56f15711d090fc,52467f746c346054b65cde66b56158c34f6242bea163b0f0fc3690c3b0f95e80,SECTION|TOPIC,157b4ef7d9ff5364c4beb082152855ec1f853950947f31f9442902be925d5d90,missing,5bbb502ea6b99b70e004602a5d5d8c16c0d219d647e47ee7daff32a231b497cf,420faa4ef0b45f4a78aa683d52cee089d30780695cf4a5fa760b762e6237e94d,rs_config,run_files,
exp_eval__our_method__qwen2.5-7b-instruct__s23__868cd9f__20260424T125430350437Z,B4_U03_s23,B4,4,23,U03,True,True,U03,U03,True,1.0,1.0,1.0,True,missing,4,8,8,0,missing,missing,not_configured_or_missing,/hpcstor6/scratch01/g/guanjie.lin001/tokenizer-evidence/g3a_block_scale/b4/U03_s23/runs/exp_train/exp_train__our_method__qwen2.5-7b-instruct__s23__868cd9f__20260424T032047066271Z/generated_text.txt,/hpcstor6/scratch01/g/guanjie.lin001/tokenizer-evidence/g3a_block_scale/b4/U03_s23/runs/exp_eval/exp_eval__our_method__qwen2.5-7b-instruct__s23__868cd9f__20260424T125430350437Z/eval_summary.json,/hpcstor6/scratch01/g/guanjie.lin001/tokenizer-evidence/g3a_block_scale/b4/U03_s23/runs/exp_train/exp_train__our_method__qwen2.5-7b-instruct__s23__868cd9f__20260424T032047066271Z/train_summary.json,/hpcstor6/scratch01/g/guanjie.lin001/tokenizer-evidence/g3a_block_scale/b4/U03_s23/runs/exp_train/exp_train__our_method__qwen2.5-7b-instruct__s23__868cd9f__20260424T032047066271Z/checkpoints/hf_last,/hpcstor6/scratch01/g/guanjie.lin001/tokenizer-evidence/g3a_block_scale/b4/U03_s23/runs/exp_eval/exp_eval__our_method__qwen2.5-7b-instruct__s23__868cd9f__20260424T125430350437Z/config.resolved.yaml,qwen2.5-7b-instruct,Qwen/Qwen2.5-7B-Instruct,c09e3866128bcc2ceeb57dbc9fd34e78b321500fe05c869cded1f49ff737ec92,3dbe09240b2ec3501867cfc7272b95770f076f37fb1d617387f49f48946fb558,eb5e82741b163219c87251b41891b2b7995d1b1fde035bb22f862e1cf64a013f,101a0d60f6fa391cce21f90597051c4700bcb95d9244db52e7058b65bafec06c,52467f746c346054b65cde66b56158c34f6242bea163b0f0fc3690c3b0f95e80,SECTION|TOPIC,157b4ef7d9ff5364c4beb082152855ec1f853950947f31f9442902be925d5d90,missing,5bbb502ea6b99b70e004602a5d5d8c16c0d219d647e47ee7daff32a231b497cf,c69eebf86b523bbeb0f19dadada52febb85bf55349990277a6552f62eb4fd73a,rs_config,run_files,
exp_eval__our_method__qwen2.5-7b-instruct__s23__868cd9f__20260424T125430381415Z,B4_U12_s23,B4,4,23,U12,True,True,U12,U12,True,1.0,1.0,1.0,True,missing,4,8,8,0,missing,missing,not_configured_or_missing,/hpcstor6/scratch01/g/guanjie.lin001/tokenizer-evidence/g3a_block_scale/b4/U12_s23/runs/exp_train/exp_train__our_method__qwen2.5-7b-instruct__s23__868cd9f__20260424T032047092806Z/generated_text.txt,/hpcstor6/scratch01/g/guanjie.lin001/tokenizer-evidence/g3a_block_scale/b4/U12_s23/runs/exp_eval/exp_eval__our_method__qwen2.5-7b-instruct__s23__868cd9f__20260424T125430381415Z/eval_summary.json,/hpcstor6/scratch01/g/guanjie.lin001/tokenizer-evidence/g3a_block_scale/b4/U12_s23/runs/exp_train/exp_train__our_method__qwen2.5-7b-instruct__s23__868cd9f__20260424T032047092806Z/train_summary.json,/hpcstor6/scratch01/g/guanjie.lin001/tokenizer-evidence/g3a_block_scale/b4/U12_s23/runs/exp_train/exp_train__our_method__qwen2.5-7b-instruct__s23__868cd9f__20260424T032047092806Z/checkpoints/hf_last,/hpcstor6/scratch01/g/guanjie.lin001/tokenizer-evidence/g3a_block_scale/b4/U12_s23/runs/exp_eval/exp_eval__our_method__qwen2.5-7b-instruct__s23__868cd9f__20260424T125430381415Z/config.resolved.yaml,qwen2.5-7b-instruct,Qwen/Qwen2.5-7B-Instruct,c09e3866128bcc2ceeb57dbc9fd34e78b321500fe05c869cded1f49ff737ec92,3dbe09240b2ec3501867cfc7272b95770f076f37fb1d617387f49f48946fb558,024ec5a9414e975890c11db16d71ea960f247621b56daf1fc031c20a71a448da,b44b520ac3ac372e951c7b0cb8b5c5d8a2ec1c8e2ca2ddfc1eb3cd1bfd217864,52467f746c346054b65cde66b56158c34f6242bea163b0f0fc3690c3b0f95e80,SECTION|TOPIC,157b4ef7d9ff5364c4beb082152855ec1f853950947f31f9442902be925d5d90,missing,5bbb502ea6b99b70e004602a5d5d8c16c0d219d647e47ee7daff32a231b497cf,56ed80a921d3e2d9a0a2fd0056b232a3952052aaf5c98f28485f90745c1225ac,rs_config,run_files,
exp_eval__our_method__qwen2.5-7b-instruct__s23__868cd9f__20260424T125430402549Z,B4_U15_s23,B4,4,23,U15,True,True,U15,U15,True,1.0,1.0,1.0,True,missing,4,8,8,0,missing,missing,not_configured_or_missing,/hpcstor6/scratch01/g/guanjie.lin001/tokenizer-evidence/g3a_block_scale/b4/U15_s23/runs/exp_train/exp_train__our_method__qwen2.5-7b-instruct__s23__868cd9f__20260424T032047115913Z/generated_text.txt,/hpcstor6/scratch01/g/guanjie.lin001/tokenizer-evidence/g3a_block_scale/b4/U15_s23/runs/exp_eval/exp_eval__our_method__qwen2.5-7b-instruct__s23__868cd9f__20260424T125430402549Z/eval_summary.json,/hpcstor6/scratch01/g/guanjie.lin001/tokenizer-evidence/g3a_block_scale/b4/U15_s23/runs/exp_train/exp_train__our_method__qwen2.5-7b-instruct__s23__868cd9f__20260424T032047115913Z/train_summary.json,/hpcstor6/scratch01/g/guanjie.lin001/tokenizer-evidence/g3a_block_scale/b4/U15_s23/runs/exp_train/exp_train__our_method__qwen2.5-7b-instruct__s23__868cd9f__20260424T032047115913Z/checkpoints/hf_last,/hpcstor6/scratch01/g/guanjie.lin001/tokenizer-evidence/g3a_block_scale/b4/U15_s23/runs/exp_eval/exp_eval__our_method__qwen2.5-7b-instruct__s23__868cd9f__20260424T125430402549Z/config.resolved.yaml,qwen2.5-7b-instruct,Qwen/Qwen2.5-7B-Instruct,c09e3866128bcc2ceeb57dbc9fd34e78b321500fe05c869cded1f49ff737ec92,3dbe09240b2ec3501867cfc7272b95770f076f37fb1d617387f49f48946fb558,2e49a12d809727032904986250ab81e400d1e0baa2c9d5aa9f7d9a08b94a4d1d,4895bdc6a2c128f57294f54e868b0b2a49a1f7d9da8945f76cbedbd379a0e9e2,52467f746c346054b65cde66b56158c34f6242bea163b0f0fc3690c3b0f95e80,SECTION|TOPIC,157b4ef7d9ff5364c4beb082152855ec1f853950947f31f9442902be925d5d90,missing,5bbb502ea6b99b70e004602a5d5d8c16c0d219d647e47ee7daff32a231b497cf,c2c97f18ec26f2d32ea76b56eb6199ca0567b6fc4863e647cfcbc8dcbcd8841b,rs_config,run_files,
exp_eval__our_method__qwen2.5-7b-instruct__s29__868cd9f__20260424T125430422530Z,B4_U00_s29,B4,4,29,U00,False,False,,U00,True,0.75,0.75,0.75,True,missing,4,8,8,2,missing,missing,not_configured_or_missing,/hpcstor6/scratch01/g/guanjie.lin001/tokenizer-evidence/g3a_block_scale/b4/U00_s29/runs/exp_train/exp_train__our_method__qwen2.5-7b-instruct__s29__868cd9f__20260424T032047139645Z/generated_text.txt,/hpcstor6/scratch01/g/guanjie.lin001/tokenizer-evidence/g3a_block_scale/b4/U00_s29/runs/exp_eval/exp_eval__our_method__qwen2.5-7b-instruct__s29__868cd9f__20260424T125430422530Z/eval_summary.json,/hpcstor6/scratch01/g/guanjie.lin001/tokenizer-evidence/g3a_block_scale/b4/U00_s29/runs/exp_train/exp_train__our_method__qwen2.5-7b-instruct__s29__868cd9f__20260424T032047139645Z/train_summary.json,/hpcstor6/scratch01/g/guanjie.lin001/tokenizer-evidence/g3a_block_scale/b4/U00_s29/runs/exp_train/exp_train__our_method__qwen2.5-7b-instruct__s29__868cd9f__20260424T032047139645Z/checkpoints/hf_last,/hpcstor6/scratch01/g/guanjie.lin001/tokenizer-evidence/g3a_block_scale/b4/U00_s29/runs/exp_eval/exp_eval__our_method__qwen2.5-7b-instruct__s29__868cd9f__20260424T125430422530Z/config.resolved.yaml,qwen2.5-7b-instruct,Qwen/Qwen2.5-7B-Instruct,c09e3866128bcc2ceeb57dbc9fd34e78b321500fe05c869cded1f49ff737ec92,3dbe09240b2ec3501867cfc7272b95770f076f37fb1d617387f49f48946fb558,e0f5fa3c25d0161cfcf13fe7b9fcc3e38630c40769dbd9c15d238e82f7fe6079,a4ddde7747b0560fea9237b8f8d3ec1fcb830730efa5c2249d56f15711d090fc,52467f746c346054b65cde66b56158c34f6242bea163b0f0fc3690c3b0f95e80,SECTION|TOPIC,157b4ef7d9ff5364c4beb082152855ec1f853950947f31f9442902be925d5d90,missing,5bbb502ea6b99b70e004602a5d5d8c16c0d219d647e47ee7daff32a231b497cf,279710cb3fed4c1da4b4bd41aa7d75998779b3ba1a5bf0ced41dbaf006a9dbff,rs_config,run_files,"accepted,verifier_success,decoded_payload_correct"
exp_eval__our_method__qwen2.5-7b-instruct__s29__868cd9f__20260424T125430444839Z,B4_U03_s29,B4,4,29,U03,False,False,,U03,True,0.75,0.75,0.75,True,missing,4,8,8,2,missing,missing,not_configured_or_missing,/hpcstor6/scratch01/g/guanjie.lin001/tokenizer-evidence/g3a_block_scale/b4/U03_s29/runs/exp_train/exp_train__our_method__qwen2.5-7b-instruct__s29__868cd9f__20260424T032047163351Z/generated_text.txt,/hpcstor6/scratch01/g/guanjie.lin001/tokenizer-evidence/g3a_block_scale/b4/U03_s29/runs/exp_eval/exp_eval__our_method__qwen2.5-7b-instruct__s29__868cd9f__20260424T125430444839Z/eval_summary.json,/hpcstor6/scratch01/g/guanjie.lin001/tokenizer-evidence/g3a_block_scale/b4/U03_s29/runs/exp_train/exp_train__our_method__qwen2.5-7b-instruct__s29__868cd9f__20260424T032047163351Z/train_summary.json,/hpcstor6/scratch01/g/guanjie.lin001/tokenizer-evidence/g3a_block_scale/b4/U03_s29/runs/exp_train/exp_train__our_method__qwen2.5-7b-instruct__s29__868cd9f__20260424T032047163351Z/checkpoints/hf_last,/hpcstor6/scratch01/g/guanjie.lin001/tokenizer-evidence/g3a_block_scale/b4/U03_s29/runs/exp_eval/exp_eval__our_method__qwen2.5-7b-instruct__s29__868cd9f__20260424T125430444839Z/config.resolved.yaml,qwen2.5-7b-instruct,Qwen/Qwen2.5-7B-Instruct,c09e3866128bcc2ceeb57dbc9fd34e78b321500fe05c869cded1f49ff737ec92,3dbe09240b2ec3501867cfc7272b95770f076f37fb1d617387f49f48946fb558,eb5e82741b163219c87251b41891b2b7995d1b1fde035bb22f862e1cf64a013f,101a0d60f6fa391cce21f90597051c4700bcb95d9244db52e7058b65bafec06c,52467f746c346054b65cde66b56158c34f6242bea163b0f0fc3690c3b0f95e80,SECTION|TOPIC,157b4ef7d9ff5364c4beb082152855ec1f853950947f31f9442902be925d5d90,missing,5bbb502ea6b99b70e004602a5d5d8c16c0d219d647e47ee7daff32a231b497cf,f97470f2f969d08b6fad906df49317a74809d67e134e52251e3aae2da6fdaba8,rs_config,run_files,"accepted,verifier_success,decoded_payload_correct"
exp_eval__our_method__qwen2.5-7b-instruct__s29__868cd9f__20260424T125430466204Z,B4_U12_s29,B4,4,29,U12,False,False,,U12,True,0.875,0.875,0.875,True,missing,4,8,8,1,missing,missing,not_configured_or_missing,/hpcstor6/scratch01/g/guanjie.lin001/tokenizer-evidence/g3a_block_scale/b4/U12_s29/runs/exp_train/exp_train__our_method__qwen2.5-7b-instruct__s29__868cd9f__20260424T032047187803Z/generated_text.txt,/hpcstor6/scratch01/g/guanjie.lin001/tokenizer-evidence/g3a_block_scale/b4/U12_s29/runs/exp_eval/exp_eval__our_method__qwen2.5-7b-instruct__s29__868cd9f__20260424T125430466204Z/eval_summary.json,/hpcstor6/scratch01/g/guanjie.lin001/tokenizer-evidence/g3a_block_scale/b4/U12_s29/runs/exp_train/exp_train__our_method__qwen2.5-7b-instruct__s29__868cd9f__20260424T032047187803Z/train_summary.json,/hpcstor6/scratch01/g/guanjie.lin001/tokenizer-evidence/g3a_block_scale/b4/U12_s29/runs/exp_train/exp_train__our_method__qwen2.5-7b-instruct__s29__868cd9f__20260424T032047187803Z/checkpoints/hf_last,/hpcstor6/scratch01/g/guanjie.lin001/tokenizer-evidence/g3a_block_scale/b4/U12_s29/runs/exp_eval/exp_eval__our_method__qwen2.5-7b-instruct__s29__868cd9f__20260424T125430466204Z/config.resolved.yaml,qwen2.5-7b-instruct,Qwen/Qwen2.5-7B-Instruct,c09e3866128bcc2ceeb57dbc9fd34e78b321500fe05c869cded1f49ff737ec92,3dbe09240b2ec3501867cfc7272b95770f076f37fb1d617387f49f48946fb558,024ec5a9414e975890c11db16d71ea960f247621b56daf1fc031c20a71a448da,b44b520ac3ac372e951c7b0cb8b5c5d8a2ec1c8e2ca2ddfc1eb3cd1bfd217864,52467f746c346054b65cde66b56158c34f6242bea163b0f0fc3690c3b0f95e80,SECTION|TOPIC,157b4ef7d9ff5364c4beb082152855ec1f853950947f31f9442902be925d5d90,missing,5bbb502ea6b99b70e004602a5d5d8c16c0d219d647e47ee7daff32a231b497cf,38bc2f3772999fb418654b04ba189c80bc08d9d36a5df8876a15fc90ae30c2da,rs_config,run_files,"accepted,verifier_success,decoded_payload_correct"
exp_eval__our_method__qwen2.5-7b-instruct__s29__868cd9f__20260424T125430487137Z,B4_U15_s29,B4,4,29,U15,False,False,,U15,True,0.875,0.875,0.875,True,missing,4,8,8,1,missing,missing,not_configured_or_missing,/hpcstor6/scratch01/g/guanjie.lin001/tokenizer-evidence/g3a_block_scale/b4/U15_s29/runs/exp_train/exp_train__our_method__qwen2.5-7b-instruct__s29__868cd9f__20260424T032047213373Z/generated_text.txt,/hpcstor6/scratch01/g/guanjie.lin001/tokenizer-evidence/g3a_block_scale/b4/U15_s29/runs/exp_eval/exp_eval__our_method__qwen2.5-7b-instruct__s29__868cd9f__20260424T125430487137Z/eval_summary.json,/hpcstor6/scratch01/g/guanjie.lin001/tokenizer-evidence/g3a_block_scale/b4/U15_s29/runs/exp_train/exp_train__our_method__qwen2.5-7b-instruct__s29__868cd9f__20260424T032047213373Z/train_summary.json,/hpcstor6/scratch01/g/guanjie.lin001/tokenizer-evidence/g3a_block_scale/b4/U15_s29/runs/exp_train/exp_train__our_method__qwen2.5-7b-instruct__s29__868cd9f__20260424T032047213373Z/checkpoints/hf_last,/hpcstor6/scratch01/g/guanjie.lin001/tokenizer-evidence/g3a_block_scale/b4/U15_s29/runs/exp_eval/exp_eval__our_method__qwen2.5-7b-instruct__s29__868cd9f__20260424T125430487137Z/config.resolved.yaml,qwen2.5-7b-instruct,Qwen/Qwen2.5-7B-Instruct,c09e3866128bcc2ceeb57dbc9fd34e78b321500fe05c869cded1f49ff737ec92,3dbe09240b2ec3501867cfc7272b95770f076f37fb1d617387f49f48946fb558,2e49a12d809727032904986250ab81e400d1e0baa2c9d5aa9f7d9a08b94a4d1d,4895bdc6a2c128f57294f54e868b0b2a49a1f7d9da8945f76cbedbd379a0e9e2,52467f746c346054b65cde66b56158c34f6242bea163b0f0fc3690c3b0f95e80,SECTION|TOPIC,157b4ef7d9ff5364c4beb082152855ec1f853950947f31f9442902be925d5d90,missing,5bbb502ea6b99b70e004602a5d5d8c16c0d219d647e47ee7daff32a231b497cf,2917af036932ff2e828c26ba03087abea02840f2b9e30f52b0d41ddb4bc79c6d,rs_config,run_files,"accepted,verifier_success,decoded_payload_correct"
