hp,variant,block_count,payload,seed,case_root,status,accepted,verifier_success,decoded_payload,decoded_payload_correct,match_ratio,accepted_under_exact_gate,accepted_under_rs_gate,slot_bucket_accuracy,symbol_error_count,erasure_count,final_loss,train_summary_path,eval_summary_path
hp01,b1,1,U01,41,/hpcstor6/scratch01/g/guanjie.lin001/tokenizer-evidence/g3a_block_scale_v2/pilot/hp01/b1/U01_s41,completed,True,True,U01,True,1.0,True,True,1.0,0,0,4.4e-05,/hpcstor6/scratch01/g/guanjie.lin001/tokenizer-evidence/g3a_block_scale_v2/pilot/hp01/b1/U01_s41/runs/exp_train/exp_train__our_method__qwen2.5-7b-instruct__s41__d1cd33b__20260424T215410912004Z/train_summary.json,/hpcstor6/scratch01/g/guanjie.lin001/tokenizer-evidence/g3a_block_scale_v2/pilot/hp01/b1/U01_s41/runs/exp_eval/exp_eval__our_method__qwen2.5-7b-instruct__s41__d1cd33b__20260425T113900589470Z/eval_summary.json
hp01,b1,1,U05,41,/hpcstor6/scratch01/g/guanjie.lin001/tokenizer-evidence/g3a_block_scale_v2/pilot/hp01/b1/U05_s41,completed,True,True,U05,True,1.0,True,True,1.0,0,0,4.4e-05,/hpcstor6/scratch01/g/guanjie.lin001/tokenizer-evidence/g3a_block_scale_v2/pilot/hp01/b1/U05_s41/runs/exp_train/exp_train__our_method__qwen2.5-7b-instruct__s41__d1cd33b__20260424T215410950432Z/train_summary.json,/hpcstor6/scratch01/g/guanjie.lin001/tokenizer-evidence/g3a_block_scale_v2/pilot/hp01/b1/U05_s41/runs/exp_eval/exp_eval__our_method__qwen2.5-7b-instruct__s41__d1cd33b__20260425T113900636750Z/eval_summary.json
hp01,b1,1,U09,41,/hpcstor6/scratch01/g/guanjie.lin001/tokenizer-evidence/g3a_block_scale_v2/pilot/hp01/b1/U09_s41,completed,True,True,U09,True,1.0,True,True,1.0,0,0,4.4e-05,/hpcstor6/scratch01/g/guanjie.lin001/tokenizer-evidence/g3a_block_scale_v2/pilot/hp01/b1/U09_s41/runs/exp_train/exp_train__our_method__qwen2.5-7b-instruct__s41__d1cd33b__20260424T215410989715Z/train_summary.json,/hpcstor6/scratch01/g/guanjie.lin001/tokenizer-evidence/g3a_block_scale_v2/pilot/hp01/b1/U09_s41/runs/exp_eval/exp_eval__our_method__qwen2.5-7b-instruct__s41__d1cd33b__20260425T113900672854Z/eval_summary.json
hp01,b1,1,U13,41,/hpcstor6/scratch01/g/guanjie.lin001/tokenizer-evidence/g3a_block_scale_v2/pilot/hp01/b1/U13_s41,completed,True,True,U13,True,1.0,True,True,1.0,0,0,4.4e-05,/hpcstor6/scratch01/g/guanjie.lin001/tokenizer-evidence/g3a_block_scale_v2/pilot/hp01/b1/U13_s41/runs/exp_train/exp_train__our_method__qwen2.5-7b-instruct__s41__d1cd33b__20260424T215411023680Z/train_summary.json,/hpcstor6/scratch01/g/guanjie.lin001/tokenizer-evidence/g3a_block_scale_v2/pilot/hp01/b1/U13_s41/runs/exp_eval/exp_eval__our_method__qwen2.5-7b-instruct__s41__d1cd33b__20260425T113900709366Z/eval_summary.json
hp01,b4,4,U01,41,/hpcstor6/scratch01/g/guanjie.lin001/tokenizer-evidence/g3a_block_scale_v2/pilot/hp01/b4/U01_s41,completed,False,False,,False,0.875,False,False,0.875,1,0,4e-06,/hpcstor6/scratch01/g/guanjie.lin001/tokenizer-evidence/g3a_block_scale_v2/pilot/hp01/b4/U01_s41/runs/exp_train/exp_train__our_method__qwen2.5-7b-instruct__s41__d1cd33b__20260424T215411059034Z/train_summary.json,/hpcstor6/scratch01/g/guanjie.lin001/tokenizer-evidence/g3a_block_scale_v2/pilot/hp01/b4/U01_s41/runs/exp_eval/exp_eval__our_method__qwen2.5-7b-instruct__s41__d1cd33b__20260425T113900746699Z/eval_summary.json
hp01,b4,4,U05,41,/hpcstor6/scratch01/g/guanjie.lin001/tokenizer-evidence/g3a_block_scale_v2/pilot/hp01/b4/U05_s41,completed,False,False,,False,0.75,False,False,0.75,1,0,4e-06,/hpcstor6/scratch01/g/guanjie.lin001/tokenizer-evidence/g3a_block_scale_v2/pilot/hp01/b4/U05_s41/runs/exp_train/exp_train__our_method__qwen2.5-7b-instruct__s41__d1cd33b__20260424T215411095326Z/train_summary.json,/hpcstor6/scratch01/g/guanjie.lin001/tokenizer-evidence/g3a_block_scale_v2/pilot/hp01/b4/U05_s41/runs/exp_eval/exp_eval__our_method__qwen2.5-7b-instruct__s41__d1cd33b__20260425T113900780347Z/eval_summary.json
hp01,b4,4,U09,41,/hpcstor6/scratch01/g/guanjie.lin001/tokenizer-evidence/g3a_block_scale_v2/pilot/hp01/b4/U09_s41,completed,False,False,,False,0.75,False,False,0.75,1,0,4e-06,/hpcstor6/scratch01/g/guanjie.lin001/tokenizer-evidence/g3a_block_scale_v2/pilot/hp01/b4/U09_s41/runs/exp_train/exp_train__our_method__qwen2.5-7b-instruct__s41__d1cd33b__20260424T215411141484Z/train_summary.json,/hpcstor6/scratch01/g/guanjie.lin001/tokenizer-evidence/g3a_block_scale_v2/pilot/hp01/b4/U09_s41/runs/exp_eval/exp_eval__our_method__qwen2.5-7b-instruct__s41__d1cd33b__20260425T113900814540Z/eval_summary.json
hp01,b4,4,U13,41,/hpcstor6/scratch01/g/guanjie.lin001/tokenizer-evidence/g3a_block_scale_v2/pilot/hp01/b4/U13_s41,completed,False,False,,False,0.75,False,False,0.75,1,0,4e-06,/hpcstor6/scratch01/g/guanjie.lin001/tokenizer-evidence/g3a_block_scale_v2/pilot/hp01/b4/U13_s41/runs/exp_train/exp_train__our_method__qwen2.5-7b-instruct__s41__d1cd33b__20260424T215411174953Z/train_summary.json,/hpcstor6/scratch01/g/guanjie.lin001/tokenizer-evidence/g3a_block_scale_v2/pilot/hp01/b4/U13_s41/runs/exp_eval/exp_eval__our_method__qwen2.5-7b-instruct__s41__d1cd33b__20260425T113900847078Z/eval_summary.json
hp02,b1,1,U01,41,/hpcstor6/scratch01/g/guanjie.lin001/tokenizer-evidence/g3a_block_scale_v2/pilot/hp02/b1/U01_s41,completed,True,True,U01,True,1.0,True,True,1.0,0,0,0.000228,/hpcstor6/scratch01/g/guanjie.lin001/tokenizer-evidence/g3a_block_scale_v2/pilot/hp02/b1/U01_s41/runs/exp_train/exp_train__our_method__qwen2.5-7b-instruct__s41__d1cd33b__20260424T215411209198Z/train_summary.json,/hpcstor6/scratch01/g/guanjie.lin001/tokenizer-evidence/g3a_block_scale_v2/pilot/hp02/b1/U01_s41/runs/exp_eval/exp_eval__our_method__qwen2.5-7b-instruct__s41__d1cd33b__20260425T113900879885Z/eval_summary.json
hp02,b1,1,U05,41,/hpcstor6/scratch01/g/guanjie.lin001/tokenizer-evidence/g3a_block_scale_v2/pilot/hp02/b1/U05_s41,completed,True,True,U05,True,1.0,True,True,1.0,0,0,0.000228,/hpcstor6/scratch01/g/guanjie.lin001/tokenizer-evidence/g3a_block_scale_v2/pilot/hp02/b1/U05_s41/runs/exp_train/exp_train__our_method__qwen2.5-7b-instruct__s41__d1cd33b__20260424T215411243772Z/train_summary.json,/hpcstor6/scratch01/g/guanjie.lin001/tokenizer-evidence/g3a_block_scale_v2/pilot/hp02/b1/U05_s41/runs/exp_eval/exp_eval__our_method__qwen2.5-7b-instruct__s41__d1cd33b__20260425T113900913622Z/eval_summary.json
hp02,b1,1,U09,41,/hpcstor6/scratch01/g/guanjie.lin001/tokenizer-evidence/g3a_block_scale_v2/pilot/hp02/b1/U09_s41,completed,True,True,U09,True,1.0,True,True,1.0,0,0,0.000228,/hpcstor6/scratch01/g/guanjie.lin001/tokenizer-evidence/g3a_block_scale_v2/pilot/hp02/b1/U09_s41/runs/exp_train/exp_train__our_method__qwen2.5-7b-instruct__s41__d1cd33b__20260424T215411278056Z/train_summary.json,/hpcstor6/scratch01/g/guanjie.lin001/tokenizer-evidence/g3a_block_scale_v2/pilot/hp02/b1/U09_s41/runs/exp_eval/exp_eval__our_method__qwen2.5-7b-instruct__s41__d1cd33b__20260425T113900948027Z/eval_summary.json
hp02,b1,1,U13,41,/hpcstor6/scratch01/g/guanjie.lin001/tokenizer-evidence/g3a_block_scale_v2/pilot/hp02/b1/U13_s41,completed,True,True,U13,True,1.0,True,True,1.0,0,0,0.000228,/hpcstor6/scratch01/g/guanjie.lin001/tokenizer-evidence/g3a_block_scale_v2/pilot/hp02/b1/U13_s41/runs/exp_train/exp_train__our_method__qwen2.5-7b-instruct__s41__d1cd33b__20260424T215411311174Z/train_summary.json,/hpcstor6/scratch01/g/guanjie.lin001/tokenizer-evidence/g3a_block_scale_v2/pilot/hp02/b1/U13_s41/runs/exp_eval/exp_eval__our_method__qwen2.5-7b-instruct__s41__d1cd33b__20260425T113900980429Z/eval_summary.json
hp02,b4,4,U01,41,/hpcstor6/scratch01/g/guanjie.lin001/tokenizer-evidence/g3a_block_scale_v2/pilot/hp02/b4/U01_s41,completed,False,False,,False,0.875,False,False,0.875,1,0,9e-06,/hpcstor6/scratch01/g/guanjie.lin001/tokenizer-evidence/g3a_block_scale_v2/pilot/hp02/b4/U01_s41/runs/exp_train/exp_train__our_method__qwen2.5-7b-instruct__s41__d1cd33b__20260424T215411347392Z/train_summary.json,/hpcstor6/scratch01/g/guanjie.lin001/tokenizer-evidence/g3a_block_scale_v2/pilot/hp02/b4/U01_s41/runs/exp_eval/exp_eval__our_method__qwen2.5-7b-instruct__s41__d1cd33b__20260425T113901015083Z/eval_summary.json
hp02,b4,4,U05,41,/hpcstor6/scratch01/g/guanjie.lin001/tokenizer-evidence/g3a_block_scale_v2/pilot/hp02/b4/U05_s41,completed,False,False,,False,0.75,False,False,0.75,1,0,9e-06,/hpcstor6/scratch01/g/guanjie.lin001/tokenizer-evidence/g3a_block_scale_v2/pilot/hp02/b4/U05_s41/runs/exp_train/exp_train__our_method__qwen2.5-7b-instruct__s41__d1cd33b__20260424T215411380859Z/train_summary.json,/hpcstor6/scratch01/g/guanjie.lin001/tokenizer-evidence/g3a_block_scale_v2/pilot/hp02/b4/U05_s41/runs/exp_eval/exp_eval__our_method__qwen2.5-7b-instruct__s41__d1cd33b__20260425T113901050880Z/eval_summary.json
hp02,b4,4,U09,41,/hpcstor6/scratch01/g/guanjie.lin001/tokenizer-evidence/g3a_block_scale_v2/pilot/hp02/b4/U09_s41,completed,False,False,,False,0.75,False,False,0.75,1,0,9e-06,/hpcstor6/scratch01/g/guanjie.lin001/tokenizer-evidence/g3a_block_scale_v2/pilot/hp02/b4/U09_s41/runs/exp_train/exp_train__our_method__qwen2.5-7b-instruct__s41__d1cd33b__20260424T215411418487Z/train_summary.json,/hpcstor6/scratch01/g/guanjie.lin001/tokenizer-evidence/g3a_block_scale_v2/pilot/hp02/b4/U09_s41/runs/exp_eval/exp_eval__our_method__qwen2.5-7b-instruct__s41__d1cd33b__20260425T113901084164Z/eval_summary.json
hp02,b4,4,U13,41,/hpcstor6/scratch01/g/guanjie.lin001/tokenizer-evidence/g3a_block_scale_v2/pilot/hp02/b4/U13_s41,completed,False,False,,False,0.75,False,False,0.75,1,0,9e-06,/hpcstor6/scratch01/g/guanjie.lin001/tokenizer-evidence/g3a_block_scale_v2/pilot/hp02/b4/U13_s41/runs/exp_train/exp_train__our_method__qwen2.5-7b-instruct__s41__d1cd33b__20260424T215411457789Z/train_summary.json,/hpcstor6/scratch01/g/guanjie.lin001/tokenizer-evidence/g3a_block_scale_v2/pilot/hp02/b4/U13_s41/runs/exp_eval/exp_eval__our_method__qwen2.5-7b-instruct__s41__d1cd33b__20260425T113901116835Z/eval_summary.json
hp03,b1,1,U01,41,/hpcstor6/scratch01/g/guanjie.lin001/tokenizer-evidence/g3a_block_scale_v2/pilot/hp03/b1/U01_s41,completed,True,True,U01,True,1.0,True,True,1.0,0,0,1.7e-05,/hpcstor6/scratch01/g/guanjie.lin001/tokenizer-evidence/g3a_block_scale_v2/pilot/hp03/b1/U01_s41/runs/exp_train/exp_train__our_method__qwen2.5-7b-instruct__s41__d1cd33b__20260424T215411491133Z/train_summary.json,/hpcstor6/scratch01/g/guanjie.lin001/tokenizer-evidence/g3a_block_scale_v2/pilot/hp03/b1/U01_s41/runs/exp_eval/exp_eval__our_method__qwen2.5-7b-instruct__s41__d1cd33b__20260425T113901149712Z/eval_summary.json
hp03,b1,1,U05,41,/hpcstor6/scratch01/g/guanjie.lin001/tokenizer-evidence/g3a_block_scale_v2/pilot/hp03/b1/U05_s41,completed,True,True,U05,True,1.0,True,True,1.0,0,0,1.7e-05,/hpcstor6/scratch01/g/guanjie.lin001/tokenizer-evidence/g3a_block_scale_v2/pilot/hp03/b1/U05_s41/runs/exp_train/exp_train__our_method__qwen2.5-7b-instruct__s41__d1cd33b__20260424T215411524688Z/train_summary.json,/hpcstor6/scratch01/g/guanjie.lin001/tokenizer-evidence/g3a_block_scale_v2/pilot/hp03/b1/U05_s41/runs/exp_eval/exp_eval__our_method__qwen2.5-7b-instruct__s41__d1cd33b__20260425T113901186307Z/eval_summary.json
hp03,b1,1,U09,41,/hpcstor6/scratch01/g/guanjie.lin001/tokenizer-evidence/g3a_block_scale_v2/pilot/hp03/b1/U09_s41,completed,True,True,U09,True,1.0,True,True,1.0,0,0,1.7e-05,/hpcstor6/scratch01/g/guanjie.lin001/tokenizer-evidence/g3a_block_scale_v2/pilot/hp03/b1/U09_s41/runs/exp_train/exp_train__our_method__qwen2.5-7b-instruct__s41__d1cd33b__20260424T215411558111Z/train_summary.json,/hpcstor6/scratch01/g/guanjie.lin001/tokenizer-evidence/g3a_block_scale_v2/pilot/hp03/b1/U09_s41/runs/exp_eval/exp_eval__our_method__qwen2.5-7b-instruct__s41__d1cd33b__20260425T113901219612Z/eval_summary.json
hp03,b1,1,U13,41,/hpcstor6/scratch01/g/guanjie.lin001/tokenizer-evidence/g3a_block_scale_v2/pilot/hp03/b1/U13_s41,completed,True,True,U13,True,1.0,True,True,1.0,0,0,1.7e-05,/hpcstor6/scratch01/g/guanjie.lin001/tokenizer-evidence/g3a_block_scale_v2/pilot/hp03/b1/U13_s41/runs/exp_train/exp_train__our_method__qwen2.5-7b-instruct__s41__d1cd33b__20260424T215411591003Z/train_summary.json,/hpcstor6/scratch01/g/guanjie.lin001/tokenizer-evidence/g3a_block_scale_v2/pilot/hp03/b1/U13_s41/runs/exp_eval/exp_eval__our_method__qwen2.5-7b-instruct__s41__d1cd33b__20260425T113901253737Z/eval_summary.json
hp03,b4,4,U01,41,/hpcstor6/scratch01/g/guanjie.lin001/tokenizer-evidence/g3a_block_scale_v2/pilot/hp03/b4/U01_s41,completed,False,False,,False,0.875,False,False,0.875,1,0,1e-06,/hpcstor6/scratch01/g/guanjie.lin001/tokenizer-evidence/g3a_block_scale_v2/pilot/hp03/b4/U01_s41/runs/exp_train/exp_train__our_method__qwen2.5-7b-instruct__s41__d1cd33b__20260424T215411623472Z/train_summary.json,/hpcstor6/scratch01/g/guanjie.lin001/tokenizer-evidence/g3a_block_scale_v2/pilot/hp03/b4/U01_s41/runs/exp_eval/exp_eval__our_method__qwen2.5-7b-instruct__s41__d1cd33b__20260425T113901287769Z/eval_summary.json
hp03,b4,4,U05,41,/hpcstor6/scratch01/g/guanjie.lin001/tokenizer-evidence/g3a_block_scale_v2/pilot/hp03/b4/U05_s41,completed,False,False,,False,0.75,False,False,0.75,1,0,1e-06,/hpcstor6/scratch01/g/guanjie.lin001/tokenizer-evidence/g3a_block_scale_v2/pilot/hp03/b4/U05_s41/runs/exp_train/exp_train__our_method__qwen2.5-7b-instruct__s41__d1cd33b__20260424T215411656708Z/train_summary.json,/hpcstor6/scratch01/g/guanjie.lin001/tokenizer-evidence/g3a_block_scale_v2/pilot/hp03/b4/U05_s41/runs/exp_eval/exp_eval__our_method__qwen2.5-7b-instruct__s41__d1cd33b__20260425T113901320330Z/eval_summary.json
hp03,b4,4,U09,41,/hpcstor6/scratch01/g/guanjie.lin001/tokenizer-evidence/g3a_block_scale_v2/pilot/hp03/b4/U09_s41,completed,False,False,,False,0.75,False,False,0.75,1,0,1e-06,/hpcstor6/scratch01/g/guanjie.lin001/tokenizer-evidence/g3a_block_scale_v2/pilot/hp03/b4/U09_s41/runs/exp_train/exp_train__our_method__qwen2.5-7b-instruct__s41__d1cd33b__20260424T215411690654Z/train_summary.json,/hpcstor6/scratch01/g/guanjie.lin001/tokenizer-evidence/g3a_block_scale_v2/pilot/hp03/b4/U09_s41/runs/exp_eval/exp_eval__our_method__qwen2.5-7b-instruct__s41__d1cd33b__20260425T113901353842Z/eval_summary.json
hp03,b4,4,U13,41,/hpcstor6/scratch01/g/guanjie.lin001/tokenizer-evidence/g3a_block_scale_v2/pilot/hp03/b4/U13_s41,completed,False,False,,False,0.75,False,False,0.75,1,0,1e-06,/hpcstor6/scratch01/g/guanjie.lin001/tokenizer-evidence/g3a_block_scale_v2/pilot/hp03/b4/U13_s41/runs/exp_train/exp_train__our_method__qwen2.5-7b-instruct__s41__d1cd33b__20260424T215411724401Z/train_summary.json,/hpcstor6/scratch01/g/guanjie.lin001/tokenizer-evidence/g3a_block_scale_v2/pilot/hp03/b4/U13_s41/runs/exp_eval/exp_eval__our_method__qwen2.5-7b-instruct__s41__d1cd33b__20260425T113901392745Z/eval_summary.json
hp04,b1,1,U01,41,/hpcstor6/scratch01/g/guanjie.lin001/tokenizer-evidence/g3a_block_scale_v2/pilot/hp04/b1/U01_s41,completed,True,True,U01,True,1.0,True,True,1.0,0,0,7.5e-05,/hpcstor6/scratch01/g/guanjie.lin001/tokenizer-evidence/g3a_block_scale_v2/pilot/hp04/b1/U01_s41/runs/exp_train/exp_train__our_method__qwen2.5-7b-instruct__s41__d1cd33b__20260424T215411757098Z/train_summary.json,/hpcstor6/scratch01/g/guanjie.lin001/tokenizer-evidence/g3a_block_scale_v2/pilot/hp04/b1/U01_s41/runs/exp_eval/exp_eval__our_method__qwen2.5-7b-instruct__s41__d1cd33b__20260425T113901428152Z/eval_summary.json
hp04,b1,1,U05,41,/hpcstor6/scratch01/g/guanjie.lin001/tokenizer-evidence/g3a_block_scale_v2/pilot/hp04/b1/U05_s41,completed,True,True,U05,True,1.0,True,True,1.0,0,0,7.5e-05,/hpcstor6/scratch01/g/guanjie.lin001/tokenizer-evidence/g3a_block_scale_v2/pilot/hp04/b1/U05_s41/runs/exp_train/exp_train__our_method__qwen2.5-7b-instruct__s41__d1cd33b__20260424T215411791041Z/train_summary.json,/hpcstor6/scratch01/g/guanjie.lin001/tokenizer-evidence/g3a_block_scale_v2/pilot/hp04/b1/U05_s41/runs/exp_eval/exp_eval__our_method__qwen2.5-7b-instruct__s41__d1cd33b__20260425T113901460667Z/eval_summary.json
hp04,b1,1,U09,41,/hpcstor6/scratch01/g/guanjie.lin001/tokenizer-evidence/g3a_block_scale_v2/pilot/hp04/b1/U09_s41,completed,True,True,U09,True,1.0,True,True,1.0,0,0,7.5e-05,/hpcstor6/scratch01/g/guanjie.lin001/tokenizer-evidence/g3a_block_scale_v2/pilot/hp04/b1/U09_s41/runs/exp_train/exp_train__our_method__qwen2.5-7b-instruct__s41__d1cd33b__20260424T215411825073Z/train_summary.json,/hpcstor6/scratch01/g/guanjie.lin001/tokenizer-evidence/g3a_block_scale_v2/pilot/hp04/b1/U09_s41/runs/exp_eval/exp_eval__our_method__qwen2.5-7b-instruct__s41__d1cd33b__20260425T113901494216Z/eval_summary.json
hp04,b1,1,U13,41,/hpcstor6/scratch01/g/guanjie.lin001/tokenizer-evidence/g3a_block_scale_v2/pilot/hp04/b1/U13_s41,completed,True,True,U13,True,1.0,True,True,1.0,0,0,7.5e-05,/hpcstor6/scratch01/g/guanjie.lin001/tokenizer-evidence/g3a_block_scale_v2/pilot/hp04/b1/U13_s41/runs/exp_train/exp_train__our_method__qwen2.5-7b-instruct__s41__d1cd33b__20260424T215411859406Z/train_summary.json,/hpcstor6/scratch01/g/guanjie.lin001/tokenizer-evidence/g3a_block_scale_v2/pilot/hp04/b1/U13_s41/runs/exp_eval/exp_eval__our_method__qwen2.5-7b-instruct__s41__d1cd33b__20260425T113901527100Z/eval_summary.json
hp04,b4,4,U01,41,/hpcstor6/scratch01/g/guanjie.lin001/tokenizer-evidence/g3a_block_scale_v2/pilot/hp04/b4/U01_s41,completed,False,False,,False,0.875,False,False,0.875,1,0,1e-06,/hpcstor6/scratch01/g/guanjie.lin001/tokenizer-evidence/g3a_block_scale_v2/pilot/hp04/b4/U01_s41/runs/exp_train/exp_train__our_method__qwen2.5-7b-instruct__s41__d1cd33b__20260424T215411892445Z/train_summary.json,/hpcstor6/scratch01/g/guanjie.lin001/tokenizer-evidence/g3a_block_scale_v2/pilot/hp04/b4/U01_s41/runs/exp_eval/exp_eval__our_method__qwen2.5-7b-instruct__s41__d1cd33b__20260425T113901560020Z/eval_summary.json
hp04,b4,4,U05,41,/hpcstor6/scratch01/g/guanjie.lin001/tokenizer-evidence/g3a_block_scale_v2/pilot/hp04/b4/U05_s41,completed,False,False,,False,0.75,False,False,0.75,1,0,1e-06,/hpcstor6/scratch01/g/guanjie.lin001/tokenizer-evidence/g3a_block_scale_v2/pilot/hp04/b4/U05_s41/runs/exp_train/exp_train__our_method__qwen2.5-7b-instruct__s41__d1cd33b__20260424T215411927273Z/train_summary.json,/hpcstor6/scratch01/g/guanjie.lin001/tokenizer-evidence/g3a_block_scale_v2/pilot/hp04/b4/U05_s41/runs/exp_eval/exp_eval__our_method__qwen2.5-7b-instruct__s41__d1cd33b__20260425T113901593906Z/eval_summary.json
hp04,b4,4,U09,41,/hpcstor6/scratch01/g/guanjie.lin001/tokenizer-evidence/g3a_block_scale_v2/pilot/hp04/b4/U09_s41,completed,False,False,,False,0.75,False,False,0.75,1,0,1e-06,/hpcstor6/scratch01/g/guanjie.lin001/tokenizer-evidence/g3a_block_scale_v2/pilot/hp04/b4/U09_s41/runs/exp_train/exp_train__our_method__qwen2.5-7b-instruct__s41__d1cd33b__20260424T215411961471Z/train_summary.json,/hpcstor6/scratch01/g/guanjie.lin001/tokenizer-evidence/g3a_block_scale_v2/pilot/hp04/b4/U09_s41/runs/exp_eval/exp_eval__our_method__qwen2.5-7b-instruct__s41__d1cd33b__20260425T113901626417Z/eval_summary.json
hp04,b4,4,U13,41,/hpcstor6/scratch01/g/guanjie.lin001/tokenizer-evidence/g3a_block_scale_v2/pilot/hp04/b4/U13_s41,completed,False,False,,False,0.75,False,False,0.75,1,0,1e-06,/hpcstor6/scratch01/g/guanjie.lin001/tokenizer-evidence/g3a_block_scale_v2/pilot/hp04/b4/U13_s41/runs/exp_train/exp_train__our_method__qwen2.5-7b-instruct__s41__d1cd33b__20260424T215411995111Z/train_summary.json,/hpcstor6/scratch01/g/guanjie.lin001/tokenizer-evidence/g3a_block_scale_v2/pilot/hp04/b4/U13_s41/runs/exp_eval/exp_eval__our_method__qwen2.5-7b-instruct__s41__d1cd33b__20260425T113901660732Z/eval_summary.json
hp05,b1,1,U01,41,/hpcstor6/scratch01/g/guanjie.lin001/tokenizer-evidence/g3a_block_scale_v2/pilot/hp05/b1/U01_s41,completed,True,True,U01,True,1.0,True,True,1.0,0,0,3e-06,/hpcstor6/scratch01/g/guanjie.lin001/tokenizer-evidence/g3a_block_scale_v2/pilot/hp05/b1/U01_s41/runs/exp_train/exp_train__our_method__qwen2.5-7b-instruct__s41__d1cd33b__20260424T215412031613Z/train_summary.json,/hpcstor6/scratch01/g/guanjie.lin001/tokenizer-evidence/g3a_block_scale_v2/pilot/hp05/b1/U01_s41/runs/exp_eval/exp_eval__our_method__qwen2.5-7b-instruct__s41__d1cd33b__20260425T113901694307Z/eval_summary.json
hp05,b1,1,U05,41,/hpcstor6/scratch01/g/guanjie.lin001/tokenizer-evidence/g3a_block_scale_v2/pilot/hp05/b1/U05_s41,completed,True,True,U05,True,1.0,True,True,1.0,0,0,3e-06,/hpcstor6/scratch01/g/guanjie.lin001/tokenizer-evidence/g3a_block_scale_v2/pilot/hp05/b1/U05_s41/runs/exp_train/exp_train__our_method__qwen2.5-7b-instruct__s41__d1cd33b__20260424T215412067816Z/train_summary.json,/hpcstor6/scratch01/g/guanjie.lin001/tokenizer-evidence/g3a_block_scale_v2/pilot/hp05/b1/U05_s41/runs/exp_eval/exp_eval__our_method__qwen2.5-7b-instruct__s41__d1cd33b__20260425T113901728706Z/eval_summary.json
hp05,b1,1,U09,41,/hpcstor6/scratch01/g/guanjie.lin001/tokenizer-evidence/g3a_block_scale_v2/pilot/hp05/b1/U09_s41,completed,True,True,U09,True,1.0,True,True,1.0,0,0,3e-06,/hpcstor6/scratch01/g/guanjie.lin001/tokenizer-evidence/g3a_block_scale_v2/pilot/hp05/b1/U09_s41/runs/exp_train/exp_train__our_method__qwen2.5-7b-instruct__s41__d1cd33b__20260424T215412103011Z/train_summary.json,/hpcstor6/scratch01/g/guanjie.lin001/tokenizer-evidence/g3a_block_scale_v2/pilot/hp05/b1/U09_s41/runs/exp_eval/exp_eval__our_method__qwen2.5-7b-instruct__s41__d1cd33b__20260425T113901762219Z/eval_summary.json
hp05,b1,1,U13,41,/hpcstor6/scratch01/g/guanjie.lin001/tokenizer-evidence/g3a_block_scale_v2/pilot/hp05/b1/U13_s41,completed,False,False,,False,0.5,False,False,0.5,1,0,3e-06,/hpcstor6/scratch01/g/guanjie.lin001/tokenizer-evidence/g3a_block_scale_v2/pilot/hp05/b1/U13_s41/runs/exp_train/exp_train__our_method__qwen2.5-7b-instruct__s41__d1cd33b__20260424T215412135933Z/train_summary.json,/hpcstor6/scratch01/g/guanjie.lin001/tokenizer-evidence/g3a_block_scale_v2/pilot/hp05/b1/U13_s41/runs/exp_eval/exp_eval__our_method__qwen2.5-7b-instruct__s41__d1cd33b__20260425T113901796618Z/eval_summary.json
hp05,b4,4,U01,41,/hpcstor6/scratch01/g/guanjie.lin001/tokenizer-evidence/g3a_block_scale_v2/pilot/hp05/b4/U01_s41,completed,True,True,U01,True,1.0,True,True,1.0,0,0,1.5e-05,/hpcstor6/scratch01/g/guanjie.lin001/tokenizer-evidence/g3a_block_scale_v2/pilot/hp05/b4/U01_s41/runs/exp_train/exp_train__our_method__qwen2.5-7b-instruct__s41__d1cd33b__20260424T215412169953Z/train_summary.json,/hpcstor6/scratch01/g/guanjie.lin001/tokenizer-evidence/g3a_block_scale_v2/pilot/hp05/b4/U01_s41/runs/exp_eval/exp_eval__our_method__qwen2.5-7b-instruct__s41__d1cd33b__20260425T113901830316Z/eval_summary.json
hp05,b4,4,U05,41,/hpcstor6/scratch01/g/guanjie.lin001/tokenizer-evidence/g3a_block_scale_v2/pilot/hp05/b4/U05_s41,completed,True,True,U05,True,1.0,True,True,1.0,0,0,1.5e-05,/hpcstor6/scratch01/g/guanjie.lin001/tokenizer-evidence/g3a_block_scale_v2/pilot/hp05/b4/U05_s41/runs/exp_train/exp_train__our_method__qwen2.5-7b-instruct__s41__d1cd33b__20260424T215412203797Z/train_summary.json,/hpcstor6/scratch01/g/guanjie.lin001/tokenizer-evidence/g3a_block_scale_v2/pilot/hp05/b4/U05_s41/runs/exp_eval/exp_eval__our_method__qwen2.5-7b-instruct__s41__d1cd33b__20260425T113901864682Z/eval_summary.json
hp05,b4,4,U09,41,/hpcstor6/scratch01/g/guanjie.lin001/tokenizer-evidence/g3a_block_scale_v2/pilot/hp05/b4/U09_s41,completed,True,True,U09,True,1.0,True,True,1.0,0,0,1.5e-05,/hpcstor6/scratch01/g/guanjie.lin001/tokenizer-evidence/g3a_block_scale_v2/pilot/hp05/b4/U09_s41/runs/exp_train/exp_train__our_method__qwen2.5-7b-instruct__s41__d1cd33b__20260424T215412237560Z/train_summary.json,/hpcstor6/scratch01/g/guanjie.lin001/tokenizer-evidence/g3a_block_scale_v2/pilot/hp05/b4/U09_s41/runs/exp_eval/exp_eval__our_method__qwen2.5-7b-instruct__s41__d1cd33b__20260425T113901899105Z/eval_summary.json
hp05,b4,4,U13,41,/hpcstor6/scratch01/g/guanjie.lin001/tokenizer-evidence/g3a_block_scale_v2/pilot/hp05/b4/U13_s41,completed,True,True,U13,True,1.0,True,True,1.0,0,0,1.5e-05,/hpcstor6/scratch01/g/guanjie.lin001/tokenizer-evidence/g3a_block_scale_v2/pilot/hp05/b4/U13_s41/runs/exp_train/exp_train__our_method__qwen2.5-7b-instruct__s41__d1cd33b__20260424T215412271861Z/train_summary.json,/hpcstor6/scratch01/g/guanjie.lin001/tokenizer-evidence/g3a_block_scale_v2/pilot/hp05/b4/U13_s41/runs/exp_eval/exp_eval__our_method__qwen2.5-7b-instruct__s41__d1cd33b__20260425T113901934048Z/eval_summary.json
hp06,b1,1,U01,41,/hpcstor6/scratch01/g/guanjie.lin001/tokenizer-evidence/g3a_block_scale_v2/pilot/hp06/b1/U01_s41,completed,True,True,U01,True,1.0,True,True,1.0,0,0,3.7e-05,/hpcstor6/scratch01/g/guanjie.lin001/tokenizer-evidence/g3a_block_scale_v2/pilot/hp06/b1/U01_s41/runs/exp_train/exp_train__our_method__qwen2.5-7b-instruct__s41__d1cd33b__20260424T215412308012Z/train_summary.json,/hpcstor6/scratch01/g/guanjie.lin001/tokenizer-evidence/g3a_block_scale_v2/pilot/hp06/b1/U01_s41/runs/exp_eval/exp_eval__our_method__qwen2.5-7b-instruct__s41__d1cd33b__20260425T113901969021Z/eval_summary.json
hp06,b1,1,U05,41,/hpcstor6/scratch01/g/guanjie.lin001/tokenizer-evidence/g3a_block_scale_v2/pilot/hp06/b1/U05_s41,completed,True,True,U05,True,1.0,True,True,1.0,0,0,3.7e-05,/hpcstor6/scratch01/g/guanjie.lin001/tokenizer-evidence/g3a_block_scale_v2/pilot/hp06/b1/U05_s41/runs/exp_train/exp_train__our_method__qwen2.5-7b-instruct__s41__d1cd33b__20260424T215412344852Z/train_summary.json,/hpcstor6/scratch01/g/guanjie.lin001/tokenizer-evidence/g3a_block_scale_v2/pilot/hp06/b1/U05_s41/runs/exp_eval/exp_eval__our_method__qwen2.5-7b-instruct__s41__d1cd33b__20260425T113902002402Z/eval_summary.json
hp06,b1,1,U09,41,/hpcstor6/scratch01/g/guanjie.lin001/tokenizer-evidence/g3a_block_scale_v2/pilot/hp06/b1/U09_s41,completed,True,True,U09,True,1.0,True,True,1.0,0,0,3.7e-05,/hpcstor6/scratch01/g/guanjie.lin001/tokenizer-evidence/g3a_block_scale_v2/pilot/hp06/b1/U09_s41/runs/exp_train/exp_train__our_method__qwen2.5-7b-instruct__s41__d1cd33b__20260424T215412379907Z/train_summary.json,/hpcstor6/scratch01/g/guanjie.lin001/tokenizer-evidence/g3a_block_scale_v2/pilot/hp06/b1/U09_s41/runs/exp_eval/exp_eval__our_method__qwen2.5-7b-instruct__s41__d1cd33b__20260425T113902036511Z/eval_summary.json
hp06,b1,1,U13,41,/hpcstor6/scratch01/g/guanjie.lin001/tokenizer-evidence/g3a_block_scale_v2/pilot/hp06/b1/U13_s41,completed,True,True,U13,True,1.0,True,True,1.0,0,0,3.7e-05,/hpcstor6/scratch01/g/guanjie.lin001/tokenizer-evidence/g3a_block_scale_v2/pilot/hp06/b1/U13_s41/runs/exp_train/exp_train__our_method__qwen2.5-7b-instruct__s41__d1cd33b__20260424T215412415020Z/train_summary.json,/hpcstor6/scratch01/g/guanjie.lin001/tokenizer-evidence/g3a_block_scale_v2/pilot/hp06/b1/U13_s41/runs/exp_eval/exp_eval__our_method__qwen2.5-7b-instruct__s41__d1cd33b__20260425T113902069199Z/eval_summary.json
hp06,b4,4,U01,41,/hpcstor6/scratch01/g/guanjie.lin001/tokenizer-evidence/g3a_block_scale_v2/pilot/hp06/b4/U01_s41,completed,True,True,U01,True,1.0,True,True,1.0,0,0,3e-05,/hpcstor6/scratch01/g/guanjie.lin001/tokenizer-evidence/g3a_block_scale_v2/pilot/hp06/b4/U01_s41/runs/exp_train/exp_train__our_method__qwen2.5-7b-instruct__s41__d1cd33b__20260424T215412450957Z/train_summary.json,/hpcstor6/scratch01/g/guanjie.lin001/tokenizer-evidence/g3a_block_scale_v2/pilot/hp06/b4/U01_s41/runs/exp_eval/exp_eval__our_method__qwen2.5-7b-instruct__s41__d1cd33b__20260425T113902101625Z/eval_summary.json
hp06,b4,4,U05,41,/hpcstor6/scratch01/g/guanjie.lin001/tokenizer-evidence/g3a_block_scale_v2/pilot/hp06/b4/U05_s41,completed,True,True,U05,True,1.0,True,True,1.0,0,0,3e-05,/hpcstor6/scratch01/g/guanjie.lin001/tokenizer-evidence/g3a_block_scale_v2/pilot/hp06/b4/U05_s41/runs/exp_train/exp_train__our_method__qwen2.5-7b-instruct__s41__d1cd33b__20260424T215412486299Z/train_summary.json,/hpcstor6/scratch01/g/guanjie.lin001/tokenizer-evidence/g3a_block_scale_v2/pilot/hp06/b4/U05_s41/runs/exp_eval/exp_eval__our_method__qwen2.5-7b-instruct__s41__d1cd33b__20260425T113902134411Z/eval_summary.json
hp06,b4,4,U09,41,/hpcstor6/scratch01/g/guanjie.lin001/tokenizer-evidence/g3a_block_scale_v2/pilot/hp06/b4/U09_s41,completed,True,True,U09,True,1.0,True,True,1.0,0,0,3e-05,/hpcstor6/scratch01/g/guanjie.lin001/tokenizer-evidence/g3a_block_scale_v2/pilot/hp06/b4/U09_s41/runs/exp_train/exp_train__our_method__qwen2.5-7b-instruct__s41__d1cd33b__20260424T215412521160Z/train_summary.json,/hpcstor6/scratch01/g/guanjie.lin001/tokenizer-evidence/g3a_block_scale_v2/pilot/hp06/b4/U09_s41/runs/exp_eval/exp_eval__our_method__qwen2.5-7b-instruct__s41__d1cd33b__20260425T113902173391Z/eval_summary.json
hp06,b4,4,U13,41,/hpcstor6/scratch01/g/guanjie.lin001/tokenizer-evidence/g3a_block_scale_v2/pilot/hp06/b4/U13_s41,completed,True,True,U13,True,1.0,True,True,1.0,0,0,3e-05,/hpcstor6/scratch01/g/guanjie.lin001/tokenizer-evidence/g3a_block_scale_v2/pilot/hp06/b4/U13_s41/runs/exp_train/exp_train__our_method__qwen2.5-7b-instruct__s41__d1cd33b__20260424T215412554922Z/train_summary.json,/hpcstor6/scratch01/g/guanjie.lin001/tokenizer-evidence/g3a_block_scale_v2/pilot/hp06/b4/U13_s41/runs/exp_eval/exp_eval__our_method__qwen2.5-7b-instruct__s41__d1cd33b__20260425T113902206740Z/eval_summary.json
hp07,b1,1,U01,41,/hpcstor6/scratch01/g/guanjie.lin001/tokenizer-evidence/g3a_block_scale_v2/pilot/hp07/b1/U01_s41,completed,True,True,U01,True,1.0,True,True,1.0,0,0,1e-06,/hpcstor6/scratch01/g/guanjie.lin001/tokenizer-evidence/g3a_block_scale_v2/pilot/hp07/b1/U01_s41/runs/exp_train/exp_train__our_method__qwen2.5-7b-instruct__s41__d1cd33b__20260424T215412588653Z/train_summary.json,/hpcstor6/scratch01/g/guanjie.lin001/tokenizer-evidence/g3a_block_scale_v2/pilot/hp07/b1/U01_s41/runs/exp_eval/exp_eval__our_method__qwen2.5-7b-instruct__s41__d1cd33b__20260425T113902240793Z/eval_summary.json
hp07,b1,1,U05,41,/hpcstor6/scratch01/g/guanjie.lin001/tokenizer-evidence/g3a_block_scale_v2/pilot/hp07/b1/U05_s41,completed,True,True,U05,True,1.0,True,True,1.0,0,0,1e-06,/hpcstor6/scratch01/g/guanjie.lin001/tokenizer-evidence/g3a_block_scale_v2/pilot/hp07/b1/U05_s41/runs/exp_train/exp_train__our_method__qwen2.5-7b-instruct__s41__d1cd33b__20260424T215412622555Z/train_summary.json,/hpcstor6/scratch01/g/guanjie.lin001/tokenizer-evidence/g3a_block_scale_v2/pilot/hp07/b1/U05_s41/runs/exp_eval/exp_eval__our_method__qwen2.5-7b-instruct__s41__d1cd33b__20260425T113902273620Z/eval_summary.json
hp07,b1,1,U09,41,/hpcstor6/scratch01/g/guanjie.lin001/tokenizer-evidence/g3a_block_scale_v2/pilot/hp07/b1/U09_s41,completed,True,True,U09,True,1.0,True,True,1.0,0,0,1e-06,/hpcstor6/scratch01/g/guanjie.lin001/tokenizer-evidence/g3a_block_scale_v2/pilot/hp07/b1/U09_s41/runs/exp_train/exp_train__our_method__qwen2.5-7b-instruct__s41__d1cd33b__20260424T215412663032Z/train_summary.json,/hpcstor6/scratch01/g/guanjie.lin001/tokenizer-evidence/g3a_block_scale_v2/pilot/hp07/b1/U09_s41/runs/exp_eval/exp_eval__our_method__qwen2.5-7b-instruct__s41__d1cd33b__20260425T113902312981Z/eval_summary.json
hp07,b1,1,U13,41,/hpcstor6/scratch01/g/guanjie.lin001/tokenizer-evidence/g3a_block_scale_v2/pilot/hp07/b1/U13_s41,completed,False,False,,False,0.5,False,False,0.5,1,0,1e-06,/hpcstor6/scratch01/g/guanjie.lin001/tokenizer-evidence/g3a_block_scale_v2/pilot/hp07/b1/U13_s41/runs/exp_train/exp_train__our_method__qwen2.5-7b-instruct__s41__d1cd33b__20260424T215412698444Z/train_summary.json,/hpcstor6/scratch01/g/guanjie.lin001/tokenizer-evidence/g3a_block_scale_v2/pilot/hp07/b1/U13_s41/runs/exp_eval/exp_eval__our_method__qwen2.5-7b-instruct__s41__d1cd33b__20260425T113902346964Z/eval_summary.json
hp07,b4,4,U01,41,/hpcstor6/scratch01/g/guanjie.lin001/tokenizer-evidence/g3a_block_scale_v2/pilot/hp07/b4/U01_s41,completed,True,True,U01,True,1.0,True,True,1.0,0,0,2e-06,/hpcstor6/scratch01/g/guanjie.lin001/tokenizer-evidence/g3a_block_scale_v2/pilot/hp07/b4/U01_s41/runs/exp_train/exp_train__our_method__qwen2.5-7b-instruct__s41__d1cd33b__20260424T215412732706Z/train_summary.json,/hpcstor6/scratch01/g/guanjie.lin001/tokenizer-evidence/g3a_block_scale_v2/pilot/hp07/b4/U01_s41/runs/exp_eval/exp_eval__our_method__qwen2.5-7b-instruct__s41__d1cd33b__20260425T113902381726Z/eval_summary.json
hp07,b4,4,U05,41,/hpcstor6/scratch01/g/guanjie.lin001/tokenizer-evidence/g3a_block_scale_v2/pilot/hp07/b4/U05_s41,completed,True,True,U05,True,1.0,True,True,1.0,0,0,2e-06,/hpcstor6/scratch01/g/guanjie.lin001/tokenizer-evidence/g3a_block_scale_v2/pilot/hp07/b4/U05_s41/runs/exp_train/exp_train__our_method__qwen2.5-7b-instruct__s41__d1cd33b__20260424T215412767658Z/train_summary.json,/hpcstor6/scratch01/g/guanjie.lin001/tokenizer-evidence/g3a_block_scale_v2/pilot/hp07/b4/U05_s41/runs/exp_eval/exp_eval__our_method__qwen2.5-7b-instruct__s41__d1cd33b__20260425T113902416916Z/eval_summary.json
hp07,b4,4,U09,41,/hpcstor6/scratch01/g/guanjie.lin001/tokenizer-evidence/g3a_block_scale_v2/pilot/hp07/b4/U09_s41,completed,True,True,U09,True,1.0,True,True,1.0,0,0,2e-06,/hpcstor6/scratch01/g/guanjie.lin001/tokenizer-evidence/g3a_block_scale_v2/pilot/hp07/b4/U09_s41/runs/exp_train/exp_train__our_method__qwen2.5-7b-instruct__s41__d1cd33b__20260424T215412805592Z/train_summary.json,/hpcstor6/scratch01/g/guanjie.lin001/tokenizer-evidence/g3a_block_scale_v2/pilot/hp07/b4/U09_s41/runs/exp_eval/exp_eval__our_method__qwen2.5-7b-instruct__s41__d1cd33b__20260425T113902450849Z/eval_summary.json
hp07,b4,4,U13,41,/hpcstor6/scratch01/g/guanjie.lin001/tokenizer-evidence/g3a_block_scale_v2/pilot/hp07/b4/U13_s41,completed,True,True,U13,True,1.0,True,True,1.0,0,0,2e-06,/hpcstor6/scratch01/g/guanjie.lin001/tokenizer-evidence/g3a_block_scale_v2/pilot/hp07/b4/U13_s41/runs/exp_train/exp_train__our_method__qwen2.5-7b-instruct__s41__d1cd33b__20260424T215412843618Z/train_summary.json,/hpcstor6/scratch01/g/guanjie.lin001/tokenizer-evidence/g3a_block_scale_v2/pilot/hp07/b4/U13_s41/runs/exp_eval/exp_eval__our_method__qwen2.5-7b-instruct__s41__d1cd33b__20260425T113902484966Z/eval_summary.json
hp08,b1,1,U01,41,/hpcstor6/scratch01/g/guanjie.lin001/tokenizer-evidence/g3a_block_scale_v2/pilot/hp08/b1/U01_s41,completed,True,True,U01,True,1.0,True,True,1.0,0,0,1e-05,/hpcstor6/scratch01/g/guanjie.lin001/tokenizer-evidence/g3a_block_scale_v2/pilot/hp08/b1/U01_s41/runs/exp_train/exp_train__our_method__qwen2.5-7b-instruct__s41__d1cd33b__20260424T215412879576Z/train_summary.json,/hpcstor6/scratch01/g/guanjie.lin001/tokenizer-evidence/g3a_block_scale_v2/pilot/hp08/b1/U01_s41/runs/exp_eval/exp_eval__our_method__qwen2.5-7b-instruct__s41__d1cd33b__20260425T113902518181Z/eval_summary.json
hp08,b1,1,U05,41,/hpcstor6/scratch01/g/guanjie.lin001/tokenizer-evidence/g3a_block_scale_v2/pilot/hp08/b1/U05_s41,completed,True,True,U05,True,1.0,True,True,1.0,0,0,1e-05,/hpcstor6/scratch01/g/guanjie.lin001/tokenizer-evidence/g3a_block_scale_v2/pilot/hp08/b1/U05_s41/runs/exp_train/exp_train__our_method__qwen2.5-7b-instruct__s41__d1cd33b__20260424T215412917406Z/train_summary.json,/hpcstor6/scratch01/g/guanjie.lin001/tokenizer-evidence/g3a_block_scale_v2/pilot/hp08/b1/U05_s41/runs/exp_eval/exp_eval__our_method__qwen2.5-7b-instruct__s41__d1cd33b__20260425T113902553068Z/eval_summary.json
hp08,b1,1,U09,41,/hpcstor6/scratch01/g/guanjie.lin001/tokenizer-evidence/g3a_block_scale_v2/pilot/hp08/b1/U09_s41,completed,True,True,U09,True,1.0,True,True,1.0,0,0,1e-05,/hpcstor6/scratch01/g/guanjie.lin001/tokenizer-evidence/g3a_block_scale_v2/pilot/hp08/b1/U09_s41/runs/exp_train/exp_train__our_method__qwen2.5-7b-instruct__s41__d1cd33b__20260424T215412952508Z/train_summary.json,/hpcstor6/scratch01/g/guanjie.lin001/tokenizer-evidence/g3a_block_scale_v2/pilot/hp08/b1/U09_s41/runs/exp_eval/exp_eval__our_method__qwen2.5-7b-instruct__s41__d1cd33b__20260425T113902587634Z/eval_summary.json
hp08,b1,1,U13,41,/hpcstor6/scratch01/g/guanjie.lin001/tokenizer-evidence/g3a_block_scale_v2/pilot/hp08/b1/U13_s41,completed,True,True,U13,True,1.0,True,True,1.0,0,0,1e-05,/hpcstor6/scratch01/g/guanjie.lin001/tokenizer-evidence/g3a_block_scale_v2/pilot/hp08/b1/U13_s41/runs/exp_train/exp_train__our_method__qwen2.5-7b-instruct__s41__d1cd33b__20260424T215412987884Z/train_summary.json,/hpcstor6/scratch01/g/guanjie.lin001/tokenizer-evidence/g3a_block_scale_v2/pilot/hp08/b1/U13_s41/runs/exp_eval/exp_eval__our_method__qwen2.5-7b-instruct__s41__d1cd33b__20260425T113902620582Z/eval_summary.json
hp08,b4,4,U01,41,/hpcstor6/scratch01/g/guanjie.lin001/tokenizer-evidence/g3a_block_scale_v2/pilot/hp08/b4/U01_s41,completed,True,True,U01,True,1.0,True,True,1.0,0,0,3e-06,/hpcstor6/scratch01/g/guanjie.lin001/tokenizer-evidence/g3a_block_scale_v2/pilot/hp08/b4/U01_s41/runs/exp_train/exp_train__our_method__qwen2.5-7b-instruct__s41__d1cd33b__20260424T215413022134Z/train_summary.json,/hpcstor6/scratch01/g/guanjie.lin001/tokenizer-evidence/g3a_block_scale_v2/pilot/hp08/b4/U01_s41/runs/exp_eval/exp_eval__our_method__qwen2.5-7b-instruct__s41__d1cd33b__20260425T113902654231Z/eval_summary.json
hp08,b4,4,U05,41,/hpcstor6/scratch01/g/guanjie.lin001/tokenizer-evidence/g3a_block_scale_v2/pilot/hp08/b4/U05_s41,completed,True,True,U05,True,1.0,True,True,1.0,0,0,3e-06,/hpcstor6/scratch01/g/guanjie.lin001/tokenizer-evidence/g3a_block_scale_v2/pilot/hp08/b4/U05_s41/runs/exp_train/exp_train__our_method__qwen2.5-7b-instruct__s41__d1cd33b__20260424T215413058510Z/train_summary.json,/hpcstor6/scratch01/g/guanjie.lin001/tokenizer-evidence/g3a_block_scale_v2/pilot/hp08/b4/U05_s41/runs/exp_eval/exp_eval__our_method__qwen2.5-7b-instruct__s41__d1cd33b__20260425T113902688703Z/eval_summary.json
hp08,b4,4,U09,41,/hpcstor6/scratch01/g/guanjie.lin001/tokenizer-evidence/g3a_block_scale_v2/pilot/hp08/b4/U09_s41,completed,True,True,U09,True,1.0,True,True,1.0,0,0,3e-06,/hpcstor6/scratch01/g/guanjie.lin001/tokenizer-evidence/g3a_block_scale_v2/pilot/hp08/b4/U09_s41/runs/exp_train/exp_train__our_method__qwen2.5-7b-instruct__s41__d1cd33b__20260424T215413091873Z/train_summary.json,/hpcstor6/scratch01/g/guanjie.lin001/tokenizer-evidence/g3a_block_scale_v2/pilot/hp08/b4/U09_s41/runs/exp_eval/exp_eval__our_method__qwen2.5-7b-instruct__s41__d1cd33b__20260425T113902723302Z/eval_summary.json
hp08,b4,4,U13,41,/hpcstor6/scratch01/g/guanjie.lin001/tokenizer-evidence/g3a_block_scale_v2/pilot/hp08/b4/U13_s41,completed,True,True,U13,True,1.0,True,True,1.0,0,0,3e-06,/hpcstor6/scratch01/g/guanjie.lin001/tokenizer-evidence/g3a_block_scale_v2/pilot/hp08/b4/U13_s41/runs/exp_train/exp_train__our_method__qwen2.5-7b-instruct__s41__d1cd33b__20260424T215413126178Z/train_summary.json,/hpcstor6/scratch01/g/guanjie.lin001/tokenizer-evidence/g3a_block_scale_v2/pilot/hp08/b4/U13_s41/runs/exp_eval/exp_eval__our_method__qwen2.5-7b-instruct__s41__d1cd33b__20260425T113902758934Z/eval_summary.json
hp09,b1,1,U01,41,/hpcstor6/scratch01/g/guanjie.lin001/tokenizer-evidence/g3a_block_scale_v2/pilot/hp09/b1/U01_s41,completed,True,True,U01,True,1.0,True,True,1.0,0,0,0.000115,/hpcstor6/scratch01/g/guanjie.lin001/tokenizer-evidence/g3a_block_scale_v2/pilot/hp09/b1/U01_s41/runs/exp_train/exp_train__our_method__qwen2.5-7b-instruct__s41__d1cd33b__20260424T215413161705Z/train_summary.json,/hpcstor6/scratch01/g/guanjie.lin001/tokenizer-evidence/g3a_block_scale_v2/pilot/hp09/b1/U01_s41/runs/exp_eval/exp_eval__our_method__qwen2.5-7b-instruct__s41__d1cd33b__20260425T113902791431Z/eval_summary.json
hp09,b1,1,U05,41,/hpcstor6/scratch01/g/guanjie.lin001/tokenizer-evidence/g3a_block_scale_v2/pilot/hp09/b1/U05_s41,completed,True,True,U05,True,1.0,True,True,1.0,0,0,0.000115,/hpcstor6/scratch01/g/guanjie.lin001/tokenizer-evidence/g3a_block_scale_v2/pilot/hp09/b1/U05_s41/runs/exp_train/exp_train__our_method__qwen2.5-7b-instruct__s41__d1cd33b__20260424T215413200126Z/train_summary.json,/hpcstor6/scratch01/g/guanjie.lin001/tokenizer-evidence/g3a_block_scale_v2/pilot/hp09/b1/U05_s41/runs/exp_eval/exp_eval__our_method__qwen2.5-7b-instruct__s41__d1cd33b__20260425T113902824628Z/eval_summary.json
hp09,b1,1,U09,41,/hpcstor6/scratch01/g/guanjie.lin001/tokenizer-evidence/g3a_block_scale_v2/pilot/hp09/b1/U09_s41,completed,True,True,U09,True,1.0,True,True,1.0,0,0,0.000115,/hpcstor6/scratch01/g/guanjie.lin001/tokenizer-evidence/g3a_block_scale_v2/pilot/hp09/b1/U09_s41/runs/exp_train/exp_train__our_method__qwen2.5-7b-instruct__s41__d1cd33b__20260424T215413234909Z/train_summary.json,/hpcstor6/scratch01/g/guanjie.lin001/tokenizer-evidence/g3a_block_scale_v2/pilot/hp09/b1/U09_s41/runs/exp_eval/exp_eval__our_method__qwen2.5-7b-instruct__s41__d1cd33b__20260425T113902858661Z/eval_summary.json
hp09,b1,1,U13,41,/hpcstor6/scratch01/g/guanjie.lin001/tokenizer-evidence/g3a_block_scale_v2/pilot/hp09/b1/U13_s41,completed,True,True,U13,True,1.0,True,True,1.0,0,0,0.000115,/hpcstor6/scratch01/g/guanjie.lin001/tokenizer-evidence/g3a_block_scale_v2/pilot/hp09/b1/U13_s41/runs/exp_train/exp_train__our_method__qwen2.5-7b-instruct__s41__d1cd33b__20260424T215413269253Z/train_summary.json,/hpcstor6/scratch01/g/guanjie.lin001/tokenizer-evidence/g3a_block_scale_v2/pilot/hp09/b1/U13_s41/runs/exp_eval/exp_eval__our_method__qwen2.5-7b-instruct__s41__d1cd33b__20260425T113902892571Z/eval_summary.json
hp09,b4,4,U01,41,/hpcstor6/scratch01/g/guanjie.lin001/tokenizer-evidence/g3a_block_scale_v2/pilot/hp09/b4/U01_s41,completed,False,False,,False,0.875,False,False,0.875,1,0,1.4e-05,/hpcstor6/scratch01/g/guanjie.lin001/tokenizer-evidence/g3a_block_scale_v2/pilot/hp09/b4/U01_s41/runs/exp_train/exp_train__our_method__qwen2.5-7b-instruct__s41__d1cd33b__20260424T215413303543Z/train_summary.json,/hpcstor6/scratch01/g/guanjie.lin001/tokenizer-evidence/g3a_block_scale_v2/pilot/hp09/b4/U01_s41/runs/exp_eval/exp_eval__our_method__qwen2.5-7b-instruct__s41__d1cd33b__20260425T113902925128Z/eval_summary.json
hp09,b4,4,U05,41,/hpcstor6/scratch01/g/guanjie.lin001/tokenizer-evidence/g3a_block_scale_v2/pilot/hp09/b4/U05_s41,completed,False,False,,False,0.75,False,False,0.75,1,0,1.4e-05,/hpcstor6/scratch01/g/guanjie.lin001/tokenizer-evidence/g3a_block_scale_v2/pilot/hp09/b4/U05_s41/runs/exp_train/exp_train__our_method__qwen2.5-7b-instruct__s41__d1cd33b__20260424T215413342154Z/train_summary.json,/hpcstor6/scratch01/g/guanjie.lin001/tokenizer-evidence/g3a_block_scale_v2/pilot/hp09/b4/U05_s41/runs/exp_eval/exp_eval__our_method__qwen2.5-7b-instruct__s41__d1cd33b__20260425T113902959375Z/eval_summary.json
hp09,b4,4,U09,41,/hpcstor6/scratch01/g/guanjie.lin001/tokenizer-evidence/g3a_block_scale_v2/pilot/hp09/b4/U09_s41,completed,False,False,,False,0.75,False,False,0.75,1,0,1.4e-05,/hpcstor6/scratch01/g/guanjie.lin001/tokenizer-evidence/g3a_block_scale_v2/pilot/hp09/b4/U09_s41/runs/exp_train/exp_train__our_method__qwen2.5-7b-instruct__s41__d1cd33b__20260424T215413377249Z/train_summary.json,/hpcstor6/scratch01/g/guanjie.lin001/tokenizer-evidence/g3a_block_scale_v2/pilot/hp09/b4/U09_s41/runs/exp_eval/exp_eval__our_method__qwen2.5-7b-instruct__s41__d1cd33b__20260425T113902993797Z/eval_summary.json
hp09,b4,4,U13,41,/hpcstor6/scratch01/g/guanjie.lin001/tokenizer-evidence/g3a_block_scale_v2/pilot/hp09/b4/U13_s41,completed,False,False,,False,0.75,False,False,0.75,1,0,1.4e-05,/hpcstor6/scratch01/g/guanjie.lin001/tokenizer-evidence/g3a_block_scale_v2/pilot/hp09/b4/U13_s41/runs/exp_train/exp_train__our_method__qwen2.5-7b-instruct__s41__d1cd33b__20260424T215413410959Z/train_summary.json,/hpcstor6/scratch01/g/guanjie.lin001/tokenizer-evidence/g3a_block_scale_v2/pilot/hp09/b4/U13_s41/runs/exp_eval/exp_eval__our_method__qwen2.5-7b-instruct__s41__d1cd33b__20260425T113903026953Z/eval_summary.json
hp10,b1,1,U01,41,/hpcstor6/scratch01/g/guanjie.lin001/tokenizer-evidence/g3a_block_scale_v2/pilot/hp10/b1/U01_s41,completed,True,True,U01,True,1.0,True,True,1.0,0,0,1.9e-05,/hpcstor6/scratch01/g/guanjie.lin001/tokenizer-evidence/g3a_block_scale_v2/pilot/hp10/b1/U01_s41/runs/exp_train/exp_train__our_method__qwen2.5-7b-instruct__s41__d1cd33b__20260424T215413446704Z/train_summary.json,/hpcstor6/scratch01/g/guanjie.lin001/tokenizer-evidence/g3a_block_scale_v2/pilot/hp10/b1/U01_s41/runs/exp_eval/exp_eval__our_method__qwen2.5-7b-instruct__s41__d1cd33b__20260425T113903060325Z/eval_summary.json
hp10,b1,1,U05,41,/hpcstor6/scratch01/g/guanjie.lin001/tokenizer-evidence/g3a_block_scale_v2/pilot/hp10/b1/U05_s41,completed,True,True,U05,True,1.0,True,True,1.0,0,0,1.9e-05,/hpcstor6/scratch01/g/guanjie.lin001/tokenizer-evidence/g3a_block_scale_v2/pilot/hp10/b1/U05_s41/runs/exp_train/exp_train__our_method__qwen2.5-7b-instruct__s41__d1cd33b__20260424T215413481572Z/train_summary.json,/hpcstor6/scratch01/g/guanjie.lin001/tokenizer-evidence/g3a_block_scale_v2/pilot/hp10/b1/U05_s41/runs/exp_eval/exp_eval__our_method__qwen2.5-7b-instruct__s41__d1cd33b__20260425T113903094383Z/eval_summary.json
hp10,b1,1,U09,41,/hpcstor6/scratch01/g/guanjie.lin001/tokenizer-evidence/g3a_block_scale_v2/pilot/hp10/b1/U09_s41,completed,True,True,U09,True,1.0,True,True,1.0,0,0,1.9e-05,/hpcstor6/scratch01/g/guanjie.lin001/tokenizer-evidence/g3a_block_scale_v2/pilot/hp10/b1/U09_s41/runs/exp_train/exp_train__our_method__qwen2.5-7b-instruct__s41__d1cd33b__20260424T215413519282Z/train_summary.json,/hpcstor6/scratch01/g/guanjie.lin001/tokenizer-evidence/g3a_block_scale_v2/pilot/hp10/b1/U09_s41/runs/exp_eval/exp_eval__our_method__qwen2.5-7b-instruct__s41__d1cd33b__20260425T113903127501Z/eval_summary.json
hp10,b1,1,U13,41,/hpcstor6/scratch01/g/guanjie.lin001/tokenizer-evidence/g3a_block_scale_v2/pilot/hp10/b1/U13_s41,completed,True,True,U13,True,1.0,True,True,1.0,0,0,1.9e-05,/hpcstor6/scratch01/g/guanjie.lin001/tokenizer-evidence/g3a_block_scale_v2/pilot/hp10/b1/U13_s41/runs/exp_train/exp_train__our_method__qwen2.5-7b-instruct__s41__d1cd33b__20260424T215413554512Z/train_summary.json,/hpcstor6/scratch01/g/guanjie.lin001/tokenizer-evidence/g3a_block_scale_v2/pilot/hp10/b1/U13_s41/runs/exp_eval/exp_eval__our_method__qwen2.5-7b-instruct__s41__d1cd33b__20260425T113903161391Z/eval_summary.json
hp10,b4,4,U01,41,/hpcstor6/scratch01/g/guanjie.lin001/tokenizer-evidence/g3a_block_scale_v2/pilot/hp10/b4/U01_s41,completed,False,False,,False,0.875,False,False,0.875,1,0,2.822059,/hpcstor6/scratch01/g/guanjie.lin001/tokenizer-evidence/g3a_block_scale_v2/pilot/hp10/b4/U01_s41/runs/exp_train/exp_train__our_method__qwen2.5-7b-instruct__s41__d1cd33b__20260424T215413588186Z/train_summary.json,/hpcstor6/scratch01/g/guanjie.lin001/tokenizer-evidence/g3a_block_scale_v2/pilot/hp10/b4/U01_s41/runs/exp_eval/exp_eval__our_method__qwen2.5-7b-instruct__s41__d1cd33b__20260425T113903199308Z/eval_summary.json
hp10,b4,4,U05,41,/hpcstor6/scratch01/g/guanjie.lin001/tokenizer-evidence/g3a_block_scale_v2/pilot/hp10/b4/U05_s41,completed,False,False,,False,0.75,False,False,0.75,1,0,2.822059,/hpcstor6/scratch01/g/guanjie.lin001/tokenizer-evidence/g3a_block_scale_v2/pilot/hp10/b4/U05_s41/runs/exp_train/exp_train__our_method__qwen2.5-7b-instruct__s41__d1cd33b__20260424T215413622536Z/train_summary.json,/hpcstor6/scratch01/g/guanjie.lin001/tokenizer-evidence/g3a_block_scale_v2/pilot/hp10/b4/U05_s41/runs/exp_eval/exp_eval__our_method__qwen2.5-7b-instruct__s41__d1cd33b__20260425T113903232192Z/eval_summary.json
hp10,b4,4,U09,41,/hpcstor6/scratch01/g/guanjie.lin001/tokenizer-evidence/g3a_block_scale_v2/pilot/hp10/b4/U09_s41,completed,False,False,,False,0.75,False,False,0.75,1,0,2.822059,/hpcstor6/scratch01/g/guanjie.lin001/tokenizer-evidence/g3a_block_scale_v2/pilot/hp10/b4/U09_s41/runs/exp_train/exp_train__our_method__qwen2.5-7b-instruct__s41__d1cd33b__20260424T215413657484Z/train_summary.json,/hpcstor6/scratch01/g/guanjie.lin001/tokenizer-evidence/g3a_block_scale_v2/pilot/hp10/b4/U09_s41/runs/exp_eval/exp_eval__our_method__qwen2.5-7b-instruct__s41__d1cd33b__20260425T113903265429Z/eval_summary.json
hp10,b4,4,U13,41,/hpcstor6/scratch01/g/guanjie.lin001/tokenizer-evidence/g3a_block_scale_v2/pilot/hp10/b4/U13_s41,completed,False,False,,False,0.75,False,False,0.75,1,0,2.822059,/hpcstor6/scratch01/g/guanjie.lin001/tokenizer-evidence/g3a_block_scale_v2/pilot/hp10/b4/U13_s41/runs/exp_train/exp_train__our_method__qwen2.5-7b-instruct__s41__d1cd33b__20260424T215413693841Z/train_summary.json,/hpcstor6/scratch01/g/guanjie.lin001/tokenizer-evidence/g3a_block_scale_v2/pilot/hp10/b4/U13_s41/runs/exp_eval/exp_eval__our_method__qwen2.5-7b-instruct__s41__d1cd33b__20260425T113903298616Z/eval_summary.json
hp11,b1,1,U01,41,/hpcstor6/scratch01/g/guanjie.lin001/tokenizer-evidence/g3a_block_scale_v2/pilot/hp11/b1/U01_s41,completed,True,True,U01,True,1.0,True,True,1.0,0,0,3.3e-05,/hpcstor6/scratch01/g/guanjie.lin001/tokenizer-evidence/g3a_block_scale_v2/pilot/hp11/b1/U01_s41/runs/exp_train/exp_train__our_method__qwen2.5-7b-instruct__s41__d1cd33b__20260424T215413726955Z/train_summary.json,/hpcstor6/scratch01/g/guanjie.lin001/tokenizer-evidence/g3a_block_scale_v2/pilot/hp11/b1/U01_s41/runs/exp_eval/exp_eval__our_method__qwen2.5-7b-instruct__s41__d1cd33b__20260425T113903332536Z/eval_summary.json
hp11,b1,1,U05,41,/hpcstor6/scratch01/g/guanjie.lin001/tokenizer-evidence/g3a_block_scale_v2/pilot/hp11/b1/U05_s41,completed,True,True,U05,True,1.0,True,True,1.0,0,0,3.3e-05,/hpcstor6/scratch01/g/guanjie.lin001/tokenizer-evidence/g3a_block_scale_v2/pilot/hp11/b1/U05_s41/runs/exp_train/exp_train__our_method__qwen2.5-7b-instruct__s41__d1cd33b__20260424T215413760740Z/train_summary.json,/hpcstor6/scratch01/g/guanjie.lin001/tokenizer-evidence/g3a_block_scale_v2/pilot/hp11/b1/U05_s41/runs/exp_eval/exp_eval__our_method__qwen2.5-7b-instruct__s41__d1cd33b__20260425T113903367688Z/eval_summary.json
hp11,b1,1,U09,41,/hpcstor6/scratch01/g/guanjie.lin001/tokenizer-evidence/g3a_block_scale_v2/pilot/hp11/b1/U09_s41,completed,True,True,U09,True,1.0,True,True,1.0,0,0,3.3e-05,/hpcstor6/scratch01/g/guanjie.lin001/tokenizer-evidence/g3a_block_scale_v2/pilot/hp11/b1/U09_s41/runs/exp_train/exp_train__our_method__qwen2.5-7b-instruct__s41__d1cd33b__20260424T215413795608Z/train_summary.json,/hpcstor6/scratch01/g/guanjie.lin001/tokenizer-evidence/g3a_block_scale_v2/pilot/hp11/b1/U09_s41/runs/exp_eval/exp_eval__our_method__qwen2.5-7b-instruct__s41__d1cd33b__20260425T113903402075Z/eval_summary.json
hp11,b1,1,U13,41,/hpcstor6/scratch01/g/guanjie.lin001/tokenizer-evidence/g3a_block_scale_v2/pilot/hp11/b1/U13_s41,completed,True,True,U13,True,1.0,True,True,1.0,0,0,3.3e-05,/hpcstor6/scratch01/g/guanjie.lin001/tokenizer-evidence/g3a_block_scale_v2/pilot/hp11/b1/U13_s41/runs/exp_train/exp_train__our_method__qwen2.5-7b-instruct__s41__d1cd33b__20260424T215413830205Z/train_summary.json,/hpcstor6/scratch01/g/guanjie.lin001/tokenizer-evidence/g3a_block_scale_v2/pilot/hp11/b1/U13_s41/runs/exp_eval/exp_eval__our_method__qwen2.5-7b-instruct__s41__d1cd33b__20260425T113903438662Z/eval_summary.json
hp11,b4,4,U01,41,/hpcstor6/scratch01/g/guanjie.lin001/tokenizer-evidence/g3a_block_scale_v2/pilot/hp11/b4/U01_s41,completed,False,False,,False,0.875,False,False,0.875,1,0,1e-06,/hpcstor6/scratch01/g/guanjie.lin001/tokenizer-evidence/g3a_block_scale_v2/pilot/hp11/b4/U01_s41/runs/exp_train/exp_train__our_method__qwen2.5-7b-instruct__s41__d1cd33b__20260424T215413864498Z/train_summary.json,/hpcstor6/scratch01/g/guanjie.lin001/tokenizer-evidence/g3a_block_scale_v2/pilot/hp11/b4/U01_s41/runs/exp_eval/exp_eval__our_method__qwen2.5-7b-instruct__s41__d1cd33b__20260425T113903473043Z/eval_summary.json
hp11,b4,4,U05,41,/hpcstor6/scratch01/g/guanjie.lin001/tokenizer-evidence/g3a_block_scale_v2/pilot/hp11/b4/U05_s41,completed,False,False,,False,0.75,False,False,0.75,1,0,1e-06,/hpcstor6/scratch01/g/guanjie.lin001/tokenizer-evidence/g3a_block_scale_v2/pilot/hp11/b4/U05_s41/runs/exp_train/exp_train__our_method__qwen2.5-7b-instruct__s41__d1cd33b__20260424T215413899262Z/train_summary.json,/hpcstor6/scratch01/g/guanjie.lin001/tokenizer-evidence/g3a_block_scale_v2/pilot/hp11/b4/U05_s41/runs/exp_eval/exp_eval__our_method__qwen2.5-7b-instruct__s41__d1cd33b__20260425T113903507559Z/eval_summary.json
hp11,b4,4,U09,41,/hpcstor6/scratch01/g/guanjie.lin001/tokenizer-evidence/g3a_block_scale_v2/pilot/hp11/b4/U09_s41,completed,False,False,,False,0.75,False,False,0.75,1,0,1e-06,/hpcstor6/scratch01/g/guanjie.lin001/tokenizer-evidence/g3a_block_scale_v2/pilot/hp11/b4/U09_s41/runs/exp_train/exp_train__our_method__qwen2.5-7b-instruct__s41__d1cd33b__20260424T215413935055Z/train_summary.json,/hpcstor6/scratch01/g/guanjie.lin001/tokenizer-evidence/g3a_block_scale_v2/pilot/hp11/b4/U09_s41/runs/exp_eval/exp_eval__our_method__qwen2.5-7b-instruct__s41__d1cd33b__20260425T113903542511Z/eval_summary.json
hp11,b4,4,U13,41,/hpcstor6/scratch01/g/guanjie.lin001/tokenizer-evidence/g3a_block_scale_v2/pilot/hp11/b4/U13_s41,completed,False,False,,False,0.75,False,False,0.75,1,0,1e-06,/hpcstor6/scratch01/g/guanjie.lin001/tokenizer-evidence/g3a_block_scale_v2/pilot/hp11/b4/U13_s41/runs/exp_train/exp_train__our_method__qwen2.5-7b-instruct__s41__d1cd33b__20260424T215413970494Z/train_summary.json,/hpcstor6/scratch01/g/guanjie.lin001/tokenizer-evidence/g3a_block_scale_v2/pilot/hp11/b4/U13_s41/runs/exp_eval/exp_eval__our_method__qwen2.5-7b-instruct__s41__d1cd33b__20260425T113903585087Z/eval_summary.json
hp12,b1,1,U01,41,/hpcstor6/scratch01/g/guanjie.lin001/tokenizer-evidence/g3a_block_scale_v2/pilot/hp12/b1/U01_s41,completed,True,True,U01,True,1.0,True,True,1.0,0,0,9e-06,/hpcstor6/scratch01/g/guanjie.lin001/tokenizer-evidence/g3a_block_scale_v2/pilot/hp12/b1/U01_s41/runs/exp_train/exp_train__our_method__qwen2.5-7b-instruct__s41__d1cd33b__20260424T215414010160Z/train_summary.json,/hpcstor6/scratch01/g/guanjie.lin001/tokenizer-evidence/g3a_block_scale_v2/pilot/hp12/b1/U01_s41/runs/exp_eval/exp_eval__our_method__qwen2.5-7b-instruct__s41__d1cd33b__20260425T113903618357Z/eval_summary.json
hp12,b1,1,U05,41,/hpcstor6/scratch01/g/guanjie.lin001/tokenizer-evidence/g3a_block_scale_v2/pilot/hp12/b1/U05_s41,completed,True,True,U05,True,1.0,True,True,1.0,0,0,9e-06,/hpcstor6/scratch01/g/guanjie.lin001/tokenizer-evidence/g3a_block_scale_v2/pilot/hp12/b1/U05_s41/runs/exp_train/exp_train__our_method__qwen2.5-7b-instruct__s41__d1cd33b__20260424T215414046449Z/train_summary.json,/hpcstor6/scratch01/g/guanjie.lin001/tokenizer-evidence/g3a_block_scale_v2/pilot/hp12/b1/U05_s41/runs/exp_eval/exp_eval__our_method__qwen2.5-7b-instruct__s41__d1cd33b__20260425T113903654058Z/eval_summary.json
hp12,b1,1,U09,41,/hpcstor6/scratch01/g/guanjie.lin001/tokenizer-evidence/g3a_block_scale_v2/pilot/hp12/b1/U09_s41,completed,True,True,U09,True,1.0,True,True,1.0,0,0,9e-06,/hpcstor6/scratch01/g/guanjie.lin001/tokenizer-evidence/g3a_block_scale_v2/pilot/hp12/b1/U09_s41/runs/exp_train/exp_train__our_method__qwen2.5-7b-instruct__s41__d1cd33b__20260424T215414081317Z/train_summary.json,/hpcstor6/scratch01/g/guanjie.lin001/tokenizer-evidence/g3a_block_scale_v2/pilot/hp12/b1/U09_s41/runs/exp_eval/exp_eval__our_method__qwen2.5-7b-instruct__s41__d1cd33b__20260425T113903687714Z/eval_summary.json
hp12,b1,1,U13,41,/hpcstor6/scratch01/g/guanjie.lin001/tokenizer-evidence/g3a_block_scale_v2/pilot/hp12/b1/U13_s41,completed,True,True,U13,True,1.0,True,True,1.0,0,0,9e-06,/hpcstor6/scratch01/g/guanjie.lin001/tokenizer-evidence/g3a_block_scale_v2/pilot/hp12/b1/U13_s41/runs/exp_train/exp_train__our_method__qwen2.5-7b-instruct__s41__d1cd33b__20260424T215414116117Z/train_summary.json,/hpcstor6/scratch01/g/guanjie.lin001/tokenizer-evidence/g3a_block_scale_v2/pilot/hp12/b1/U13_s41/runs/exp_eval/exp_eval__our_method__qwen2.5-7b-instruct__s41__d1cd33b__20260425T113903722896Z/eval_summary.json
hp12,b4,4,U01,41,/hpcstor6/scratch01/g/guanjie.lin001/tokenizer-evidence/g3a_block_scale_v2/pilot/hp12/b4/U01_s41,completed,False,False,,False,0.875,False,False,0.875,1,0,5.551476,/hpcstor6/scratch01/g/guanjie.lin001/tokenizer-evidence/g3a_block_scale_v2/pilot/hp12/b4/U01_s41/runs/exp_train/exp_train__our_method__qwen2.5-7b-instruct__s41__d1cd33b__20260424T215414150716Z/train_summary.json,/hpcstor6/scratch01/g/guanjie.lin001/tokenizer-evidence/g3a_block_scale_v2/pilot/hp12/b4/U01_s41/runs/exp_eval/exp_eval__our_method__qwen2.5-7b-instruct__s41__d1cd33b__20260425T113903756327Z/eval_summary.json
hp12,b4,4,U05,41,/hpcstor6/scratch01/g/guanjie.lin001/tokenizer-evidence/g3a_block_scale_v2/pilot/hp12/b4/U05_s41,completed,False,False,,False,0.75,False,False,0.75,1,0,5.551476,/hpcstor6/scratch01/g/guanjie.lin001/tokenizer-evidence/g3a_block_scale_v2/pilot/hp12/b4/U05_s41/runs/exp_train/exp_train__our_method__qwen2.5-7b-instruct__s41__d1cd33b__20260424T215414186466Z/train_summary.json,/hpcstor6/scratch01/g/guanjie.lin001/tokenizer-evidence/g3a_block_scale_v2/pilot/hp12/b4/U05_s41/runs/exp_eval/exp_eval__our_method__qwen2.5-7b-instruct__s41__d1cd33b__20260425T113903788883Z/eval_summary.json
hp12,b4,4,U09,41,/hpcstor6/scratch01/g/guanjie.lin001/tokenizer-evidence/g3a_block_scale_v2/pilot/hp12/b4/U09_s41,completed,False,False,,False,0.75,False,False,0.75,1,0,5.551476,/hpcstor6/scratch01/g/guanjie.lin001/tokenizer-evidence/g3a_block_scale_v2/pilot/hp12/b4/U09_s41/runs/exp_train/exp_train__our_method__qwen2.5-7b-instruct__s41__d1cd33b__20260424T215414221325Z/train_summary.json,/hpcstor6/scratch01/g/guanjie.lin001/tokenizer-evidence/g3a_block_scale_v2/pilot/hp12/b4/U09_s41/runs/exp_eval/exp_eval__our_method__qwen2.5-7b-instruct__s41__d1cd33b__20260425T113903822125Z/eval_summary.json
hp12,b4,4,U13,41,/hpcstor6/scratch01/g/guanjie.lin001/tokenizer-evidence/g3a_block_scale_v2/pilot/hp12/b4/U13_s41,completed,False,False,,False,0.75,False,False,0.75,1,0,5.551476,/hpcstor6/scratch01/g/guanjie.lin001/tokenizer-evidence/g3a_block_scale_v2/pilot/hp12/b4/U13_s41/runs/exp_train/exp_train__our_method__qwen2.5-7b-instruct__s41__d1cd33b__20260424T215414255581Z/train_summary.json,/hpcstor6/scratch01/g/guanjie.lin001/tokenizer-evidence/g3a_block_scale_v2/pilot/hp12/b4/U13_s41/runs/exp_eval/exp_eval__our_method__qwen2.5-7b-instruct__s41__d1cd33b__20260425T113903855784Z/eval_summary.json
hp13,b1,1,U01,41,/hpcstor6/scratch01/g/guanjie.lin001/tokenizer-evidence/g3a_block_scale_v2/pilot/hp13/b1/U01_s41,completed,True,True,U01,True,1.0,True,True,1.0,0,0,4.6e-05,/hpcstor6/scratch01/g/guanjie.lin001/tokenizer-evidence/g3a_block_scale_v2/pilot/hp13/b1/U01_s41/runs/exp_train/exp_train__our_method__qwen2.5-7b-instruct__s41__d1cd33b__20260424T215414290083Z/train_summary.json,/hpcstor6/scratch01/g/guanjie.lin001/tokenizer-evidence/g3a_block_scale_v2/pilot/hp13/b1/U01_s41/runs/exp_eval/exp_eval__our_method__qwen2.5-7b-instruct__s41__d1cd33b__20260425T113903895848Z/eval_summary.json
hp13,b1,1,U05,41,/hpcstor6/scratch01/g/guanjie.lin001/tokenizer-evidence/g3a_block_scale_v2/pilot/hp13/b1/U05_s41,completed,True,True,U05,True,1.0,True,True,1.0,0,0,4.6e-05,/hpcstor6/scratch01/g/guanjie.lin001/tokenizer-evidence/g3a_block_scale_v2/pilot/hp13/b1/U05_s41/runs/exp_train/exp_train__our_method__qwen2.5-7b-instruct__s41__d1cd33b__20260424T215414325533Z/train_summary.json,/hpcstor6/scratch01/g/guanjie.lin001/tokenizer-evidence/g3a_block_scale_v2/pilot/hp13/b1/U05_s41/runs/exp_eval/exp_eval__our_method__qwen2.5-7b-instruct__s41__d1cd33b__20260425T113903930468Z/eval_summary.json
hp13,b1,1,U09,41,/hpcstor6/scratch01/g/guanjie.lin001/tokenizer-evidence/g3a_block_scale_v2/pilot/hp13/b1/U09_s41,completed,True,True,U09,True,1.0,True,True,1.0,0,0,4.6e-05,/hpcstor6/scratch01/g/guanjie.lin001/tokenizer-evidence/g3a_block_scale_v2/pilot/hp13/b1/U09_s41/runs/exp_train/exp_train__our_method__qwen2.5-7b-instruct__s41__d1cd33b__20260424T215414362818Z/train_summary.json,/hpcstor6/scratch01/g/guanjie.lin001/tokenizer-evidence/g3a_block_scale_v2/pilot/hp13/b1/U09_s41/runs/exp_eval/exp_eval__our_method__qwen2.5-7b-instruct__s41__d1cd33b__20260425T113903995674Z/eval_summary.json
hp13,b1,1,U13,41,/hpcstor6/scratch01/g/guanjie.lin001/tokenizer-evidence/g3a_block_scale_v2/pilot/hp13/b1/U13_s41,completed,True,True,U13,True,1.0,True,True,1.0,0,0,4.6e-05,/hpcstor6/scratch01/g/guanjie.lin001/tokenizer-evidence/g3a_block_scale_v2/pilot/hp13/b1/U13_s41/runs/exp_train/exp_train__our_method__qwen2.5-7b-instruct__s41__d1cd33b__20260424T215414396043Z/train_summary.json,/hpcstor6/scratch01/g/guanjie.lin001/tokenizer-evidence/g3a_block_scale_v2/pilot/hp13/b1/U13_s41/runs/exp_eval/exp_eval__our_method__qwen2.5-7b-instruct__s41__d1cd33b__20260425T113904033126Z/eval_summary.json
hp13,b4,4,U01,41,/hpcstor6/scratch01/g/guanjie.lin001/tokenizer-evidence/g3a_block_scale_v2/pilot/hp13/b4/U01_s41,completed,True,True,U01,True,1.0,True,True,1.0,0,0,8e-06,/hpcstor6/scratch01/g/guanjie.lin001/tokenizer-evidence/g3a_block_scale_v2/pilot/hp13/b4/U01_s41/runs/exp_train/exp_train__our_method__qwen2.5-7b-instruct__s41__d1cd33b__20260424T215414430022Z/train_summary.json,/hpcstor6/scratch01/g/guanjie.lin001/tokenizer-evidence/g3a_block_scale_v2/pilot/hp13/b4/U01_s41/runs/exp_eval/exp_eval__our_method__qwen2.5-7b-instruct__s41__d1cd33b__20260425T113904067256Z/eval_summary.json
hp13,b4,4,U05,41,/hpcstor6/scratch01/g/guanjie.lin001/tokenizer-evidence/g3a_block_scale_v2/pilot/hp13/b4/U05_s41,completed,True,True,U05,True,1.0,True,True,1.0,0,0,8e-06,/hpcstor6/scratch01/g/guanjie.lin001/tokenizer-evidence/g3a_block_scale_v2/pilot/hp13/b4/U05_s41/runs/exp_train/exp_train__our_method__qwen2.5-7b-instruct__s41__d1cd33b__20260424T215414465737Z/train_summary.json,/hpcstor6/scratch01/g/guanjie.lin001/tokenizer-evidence/g3a_block_scale_v2/pilot/hp13/b4/U05_s41/runs/exp_eval/exp_eval__our_method__qwen2.5-7b-instruct__s41__d1cd33b__20260425T113904101779Z/eval_summary.json
hp13,b4,4,U09,41,/hpcstor6/scratch01/g/guanjie.lin001/tokenizer-evidence/g3a_block_scale_v2/pilot/hp13/b4/U09_s41,completed,False,False,,False,0.875,False,False,0.875,1,0,8e-06,/hpcstor6/scratch01/g/guanjie.lin001/tokenizer-evidence/g3a_block_scale_v2/pilot/hp13/b4/U09_s41/runs/exp_train/exp_train__our_method__qwen2.5-7b-instruct__s41__d1cd33b__20260424T215414502649Z/train_summary.json,/hpcstor6/scratch01/g/guanjie.lin001/tokenizer-evidence/g3a_block_scale_v2/pilot/hp13/b4/U09_s41/runs/exp_eval/exp_eval__our_method__qwen2.5-7b-instruct__s41__d1cd33b__20260425T113904135962Z/eval_summary.json
hp13,b4,4,U13,41,/hpcstor6/scratch01/g/guanjie.lin001/tokenizer-evidence/g3a_block_scale_v2/pilot/hp13/b4/U13_s41,completed,True,True,U13,True,1.0,True,True,1.0,0,0,8e-06,/hpcstor6/scratch01/g/guanjie.lin001/tokenizer-evidence/g3a_block_scale_v2/pilot/hp13/b4/U13_s41/runs/exp_train/exp_train__our_method__qwen2.5-7b-instruct__s41__d1cd33b__20260424T215414536773Z/train_summary.json,/hpcstor6/scratch01/g/guanjie.lin001/tokenizer-evidence/g3a_block_scale_v2/pilot/hp13/b4/U13_s41/runs/exp_eval/exp_eval__our_method__qwen2.5-7b-instruct__s41__d1cd33b__20260425T113904169311Z/eval_summary.json
hp14,b1,1,U01,41,/hpcstor6/scratch01/g/guanjie.lin001/tokenizer-evidence/g3a_block_scale_v2/pilot/hp14/b1/U01_s41,completed,True,True,U01,True,1.0,True,True,1.0,0,0,0.000113,/hpcstor6/scratch01/g/guanjie.lin001/tokenizer-evidence/g3a_block_scale_v2/pilot/hp14/b1/U01_s41/runs/exp_train/exp_train__our_method__qwen2.5-7b-instruct__s41__d1cd33b__20260424T215414568977Z/train_summary.json,/hpcstor6/scratch01/g/guanjie.lin001/tokenizer-evidence/g3a_block_scale_v2/pilot/hp14/b1/U01_s41/runs/exp_eval/exp_eval__our_method__qwen2.5-7b-instruct__s41__d1cd33b__20260425T113904203530Z/eval_summary.json
hp14,b1,1,U05,41,/hpcstor6/scratch01/g/guanjie.lin001/tokenizer-evidence/g3a_block_scale_v2/pilot/hp14/b1/U05_s41,completed,True,True,U05,True,1.0,True,True,1.0,0,0,0.000113,/hpcstor6/scratch01/g/guanjie.lin001/tokenizer-evidence/g3a_block_scale_v2/pilot/hp14/b1/U05_s41/runs/exp_train/exp_train__our_method__qwen2.5-7b-instruct__s41__d1cd33b__20260424T215414601806Z/train_summary.json,/hpcstor6/scratch01/g/guanjie.lin001/tokenizer-evidence/g3a_block_scale_v2/pilot/hp14/b1/U05_s41/runs/exp_eval/exp_eval__our_method__qwen2.5-7b-instruct__s41__d1cd33b__20260425T113904240199Z/eval_summary.json
hp14,b1,1,U09,41,/hpcstor6/scratch01/g/guanjie.lin001/tokenizer-evidence/g3a_block_scale_v2/pilot/hp14/b1/U09_s41,completed,True,True,U09,True,1.0,True,True,1.0,0,0,0.000113,/hpcstor6/scratch01/g/guanjie.lin001/tokenizer-evidence/g3a_block_scale_v2/pilot/hp14/b1/U09_s41/runs/exp_train/exp_train__our_method__qwen2.5-7b-instruct__s41__d1cd33b__20260424T215414635734Z/train_summary.json,/hpcstor6/scratch01/g/guanjie.lin001/tokenizer-evidence/g3a_block_scale_v2/pilot/hp14/b1/U09_s41/runs/exp_eval/exp_eval__our_method__qwen2.5-7b-instruct__s41__d1cd33b__20260425T113904273846Z/eval_summary.json
hp14,b1,1,U13,41,/hpcstor6/scratch01/g/guanjie.lin001/tokenizer-evidence/g3a_block_scale_v2/pilot/hp14/b1/U13_s41,completed,True,True,U13,True,1.0,True,True,1.0,0,0,0.000113,/hpcstor6/scratch01/g/guanjie.lin001/tokenizer-evidence/g3a_block_scale_v2/pilot/hp14/b1/U13_s41/runs/exp_train/exp_train__our_method__qwen2.5-7b-instruct__s41__d1cd33b__20260424T215414669081Z/train_summary.json,/hpcstor6/scratch01/g/guanjie.lin001/tokenizer-evidence/g3a_block_scale_v2/pilot/hp14/b1/U13_s41/runs/exp_eval/exp_eval__our_method__qwen2.5-7b-instruct__s41__d1cd33b__20260425T113904308118Z/eval_summary.json
hp14,b4,4,U01,41,/hpcstor6/scratch01/g/guanjie.lin001/tokenizer-evidence/g3a_block_scale_v2/pilot/hp14/b4/U01_s41,completed,True,True,U01,True,1.0,True,True,1.0,0,0,5e-06,/hpcstor6/scratch01/g/guanjie.lin001/tokenizer-evidence/g3a_block_scale_v2/pilot/hp14/b4/U01_s41/runs/exp_train/exp_train__our_method__qwen2.5-7b-instruct__s41__d1cd33b__20260424T215414703107Z/train_summary.json,/hpcstor6/scratch01/g/guanjie.lin001/tokenizer-evidence/g3a_block_scale_v2/pilot/hp14/b4/U01_s41/runs/exp_eval/exp_eval__our_method__qwen2.5-7b-instruct__s41__d1cd33b__20260425T113904342102Z/eval_summary.json
hp14,b4,4,U05,41,/hpcstor6/scratch01/g/guanjie.lin001/tokenizer-evidence/g3a_block_scale_v2/pilot/hp14/b4/U05_s41,completed,True,True,U05,True,1.0,True,True,1.0,0,0,5e-06,/hpcstor6/scratch01/g/guanjie.lin001/tokenizer-evidence/g3a_block_scale_v2/pilot/hp14/b4/U05_s41/runs/exp_train/exp_train__our_method__qwen2.5-7b-instruct__s41__d1cd33b__20260424T215414738712Z/train_summary.json,/hpcstor6/scratch01/g/guanjie.lin001/tokenizer-evidence/g3a_block_scale_v2/pilot/hp14/b4/U05_s41/runs/exp_eval/exp_eval__our_method__qwen2.5-7b-instruct__s41__d1cd33b__20260425T113904375998Z/eval_summary.json
hp14,b4,4,U09,41,/hpcstor6/scratch01/g/guanjie.lin001/tokenizer-evidence/g3a_block_scale_v2/pilot/hp14/b4/U09_s41,completed,True,True,U09,True,1.0,True,True,1.0,0,0,5e-06,/hpcstor6/scratch01/g/guanjie.lin001/tokenizer-evidence/g3a_block_scale_v2/pilot/hp14/b4/U09_s41/runs/exp_train/exp_train__our_method__qwen2.5-7b-instruct__s41__d1cd33b__20260424T215414772581Z/train_summary.json,/hpcstor6/scratch01/g/guanjie.lin001/tokenizer-evidence/g3a_block_scale_v2/pilot/hp14/b4/U09_s41/runs/exp_eval/exp_eval__our_method__qwen2.5-7b-instruct__s41__d1cd33b__20260425T113904409937Z/eval_summary.json
hp14,b4,4,U13,41,/hpcstor6/scratch01/g/guanjie.lin001/tokenizer-evidence/g3a_block_scale_v2/pilot/hp14/b4/U13_s41,completed,False,False,,False,0.875,False,False,0.875,1,0,5e-06,/hpcstor6/scratch01/g/guanjie.lin001/tokenizer-evidence/g3a_block_scale_v2/pilot/hp14/b4/U13_s41/runs/exp_train/exp_train__our_method__qwen2.5-7b-instruct__s41__d1cd33b__20260424T215414811701Z/train_summary.json,/hpcstor6/scratch01/g/guanjie.lin001/tokenizer-evidence/g3a_block_scale_v2/pilot/hp14/b4/U13_s41/runs/exp_eval/exp_eval__our_method__qwen2.5-7b-instruct__s41__d1cd33b__20260425T113904443976Z/eval_summary.json
hp15,b1,1,U01,41,/hpcstor6/scratch01/g/guanjie.lin001/tokenizer-evidence/g3a_block_scale_v2/pilot/hp15/b1/U01_s41,completed,True,True,U01,True,1.0,True,True,1.0,0,0,1.4e-05,/hpcstor6/scratch01/g/guanjie.lin001/tokenizer-evidence/g3a_block_scale_v2/pilot/hp15/b1/U01_s41/runs/exp_train/exp_train__our_method__qwen2.5-7b-instruct__s41__d1cd33b__20260424T215414847374Z/train_summary.json,/hpcstor6/scratch01/g/guanjie.lin001/tokenizer-evidence/g3a_block_scale_v2/pilot/hp15/b1/U01_s41/runs/exp_eval/exp_eval__our_method__qwen2.5-7b-instruct__s41__d1cd33b__20260425T113904478297Z/eval_summary.json
hp15,b1,1,U05,41,/hpcstor6/scratch01/g/guanjie.lin001/tokenizer-evidence/g3a_block_scale_v2/pilot/hp15/b1/U05_s41,completed,True,True,U05,True,1.0,True,True,1.0,0,0,1.4e-05,/hpcstor6/scratch01/g/guanjie.lin001/tokenizer-evidence/g3a_block_scale_v2/pilot/hp15/b1/U05_s41/runs/exp_train/exp_train__our_method__qwen2.5-7b-instruct__s41__d1cd33b__20260424T215414883075Z/train_summary.json,/hpcstor6/scratch01/g/guanjie.lin001/tokenizer-evidence/g3a_block_scale_v2/pilot/hp15/b1/U05_s41/runs/exp_eval/exp_eval__our_method__qwen2.5-7b-instruct__s41__d1cd33b__20260425T113904512567Z/eval_summary.json
hp15,b1,1,U09,41,/hpcstor6/scratch01/g/guanjie.lin001/tokenizer-evidence/g3a_block_scale_v2/pilot/hp15/b1/U09_s41,completed,True,True,U09,True,1.0,True,True,1.0,0,0,1.4e-05,/hpcstor6/scratch01/g/guanjie.lin001/tokenizer-evidence/g3a_block_scale_v2/pilot/hp15/b1/U09_s41/runs/exp_train/exp_train__our_method__qwen2.5-7b-instruct__s41__d1cd33b__20260424T215414916821Z/train_summary.json,/hpcstor6/scratch01/g/guanjie.lin001/tokenizer-evidence/g3a_block_scale_v2/pilot/hp15/b1/U09_s41/runs/exp_eval/exp_eval__our_method__qwen2.5-7b-instruct__s41__d1cd33b__20260425T113904547060Z/eval_summary.json
hp15,b1,1,U13,41,/hpcstor6/scratch01/g/guanjie.lin001/tokenizer-evidence/g3a_block_scale_v2/pilot/hp15/b1/U13_s41,completed,True,True,U13,True,1.0,True,True,1.0,0,0,1.4e-05,/hpcstor6/scratch01/g/guanjie.lin001/tokenizer-evidence/g3a_block_scale_v2/pilot/hp15/b1/U13_s41/runs/exp_train/exp_train__our_method__qwen2.5-7b-instruct__s41__d1cd33b__20260424T215414953528Z/train_summary.json,/hpcstor6/scratch01/g/guanjie.lin001/tokenizer-evidence/g3a_block_scale_v2/pilot/hp15/b1/U13_s41/runs/exp_eval/exp_eval__our_method__qwen2.5-7b-instruct__s41__d1cd33b__20260425T113904581400Z/eval_summary.json
hp15,b4,4,U01,41,/hpcstor6/scratch01/g/guanjie.lin001/tokenizer-evidence/g3a_block_scale_v2/pilot/hp15/b4/U01_s41,completed,True,True,U01,True,1.0,True,True,1.0,0,0,1e-06,/hpcstor6/scratch01/g/guanjie.lin001/tokenizer-evidence/g3a_block_scale_v2/pilot/hp15/b4/U01_s41/runs/exp_train/exp_train__our_method__qwen2.5-7b-instruct__s41__d1cd33b__20260424T215414990927Z/train_summary.json,/hpcstor6/scratch01/g/guanjie.lin001/tokenizer-evidence/g3a_block_scale_v2/pilot/hp15/b4/U01_s41/runs/exp_eval/exp_eval__our_method__qwen2.5-7b-instruct__s41__d1cd33b__20260425T113904616200Z/eval_summary.json
hp15,b4,4,U05,41,/hpcstor6/scratch01/g/guanjie.lin001/tokenizer-evidence/g3a_block_scale_v2/pilot/hp15/b4/U05_s41,completed,True,True,U05,True,1.0,True,True,1.0,0,0,1e-06,/hpcstor6/scratch01/g/guanjie.lin001/tokenizer-evidence/g3a_block_scale_v2/pilot/hp15/b4/U05_s41/runs/exp_train/exp_train__our_method__qwen2.5-7b-instruct__s41__d1cd33b__20260424T215415034484Z/train_summary.json,/hpcstor6/scratch01/g/guanjie.lin001/tokenizer-evidence/g3a_block_scale_v2/pilot/hp15/b4/U05_s41/runs/exp_eval/exp_eval__our_method__qwen2.5-7b-instruct__s41__d1cd33b__20260425T113904657740Z/eval_summary.json
hp15,b4,4,U09,41,/hpcstor6/scratch01/g/guanjie.lin001/tokenizer-evidence/g3a_block_scale_v2/pilot/hp15/b4/U09_s41,completed,False,False,,False,0.875,False,False,0.875,1,0,1e-06,/hpcstor6/scratch01/g/guanjie.lin001/tokenizer-evidence/g3a_block_scale_v2/pilot/hp15/b4/U09_s41/runs/exp_train/exp_train__our_method__qwen2.5-7b-instruct__s41__d1cd33b__20260424T215415072659Z/train_summary.json,/hpcstor6/scratch01/g/guanjie.lin001/tokenizer-evidence/g3a_block_scale_v2/pilot/hp15/b4/U09_s41/runs/exp_eval/exp_eval__our_method__qwen2.5-7b-instruct__s41__d1cd33b__20260425T113904691834Z/eval_summary.json
hp15,b4,4,U13,41,/hpcstor6/scratch01/g/guanjie.lin001/tokenizer-evidence/g3a_block_scale_v2/pilot/hp15/b4/U13_s41,completed,True,True,U13,True,1.0,True,True,1.0,0,0,1e-06,/hpcstor6/scratch01/g/guanjie.lin001/tokenizer-evidence/g3a_block_scale_v2/pilot/hp15/b4/U13_s41/runs/exp_train/exp_train__our_method__qwen2.5-7b-instruct__s41__d1cd33b__20260424T215415107580Z/train_summary.json,/hpcstor6/scratch01/g/guanjie.lin001/tokenizer-evidence/g3a_block_scale_v2/pilot/hp15/b4/U13_s41/runs/exp_eval/exp_eval__our_method__qwen2.5-7b-instruct__s41__d1cd33b__20260425T113904726559Z/eval_summary.json
hp16,b1,1,U01,41,/hpcstor6/scratch01/g/guanjie.lin001/tokenizer-evidence/g3a_block_scale_v2/pilot/hp16/b1/U01_s41,completed,True,True,U01,True,1.0,True,True,1.0,0,0,4.6e-05,/hpcstor6/scratch01/g/guanjie.lin001/tokenizer-evidence/g3a_block_scale_v2/pilot/hp16/b1/U01_s41/runs/exp_train/exp_train__our_method__qwen2.5-7b-instruct__s41__d1cd33b__20260424T215415140893Z/train_summary.json,/hpcstor6/scratch01/g/guanjie.lin001/tokenizer-evidence/g3a_block_scale_v2/pilot/hp16/b1/U01_s41/runs/exp_eval/exp_eval__our_method__qwen2.5-7b-instruct__s41__d1cd33b__20260425T113904762276Z/eval_summary.json
hp16,b1,1,U05,41,/hpcstor6/scratch01/g/guanjie.lin001/tokenizer-evidence/g3a_block_scale_v2/pilot/hp16/b1/U05_s41,completed,True,True,U05,True,1.0,True,True,1.0,0,0,4.6e-05,/hpcstor6/scratch01/g/guanjie.lin001/tokenizer-evidence/g3a_block_scale_v2/pilot/hp16/b1/U05_s41/runs/exp_train/exp_train__our_method__qwen2.5-7b-instruct__s41__d1cd33b__20260424T215415176970Z/train_summary.json,/hpcstor6/scratch01/g/guanjie.lin001/tokenizer-evidence/g3a_block_scale_v2/pilot/hp16/b1/U05_s41/runs/exp_eval/exp_eval__our_method__qwen2.5-7b-instruct__s41__d1cd33b__20260425T113904796139Z/eval_summary.json
hp16,b1,1,U09,41,/hpcstor6/scratch01/g/guanjie.lin001/tokenizer-evidence/g3a_block_scale_v2/pilot/hp16/b1/U09_s41,completed,True,True,U09,True,1.0,True,True,1.0,0,0,4.6e-05,/hpcstor6/scratch01/g/guanjie.lin001/tokenizer-evidence/g3a_block_scale_v2/pilot/hp16/b1/U09_s41/runs/exp_train/exp_train__our_method__qwen2.5-7b-instruct__s41__d1cd33b__20260424T215415214348Z/train_summary.json,/hpcstor6/scratch01/g/guanjie.lin001/tokenizer-evidence/g3a_block_scale_v2/pilot/hp16/b1/U09_s41/runs/exp_eval/exp_eval__our_method__qwen2.5-7b-instruct__s41__d1cd33b__20260425T113904829603Z/eval_summary.json
hp16,b1,1,U13,41,/hpcstor6/scratch01/g/guanjie.lin001/tokenizer-evidence/g3a_block_scale_v2/pilot/hp16/b1/U13_s41,completed,True,True,U13,True,1.0,True,True,1.0,0,0,4.6e-05,/hpcstor6/scratch01/g/guanjie.lin001/tokenizer-evidence/g3a_block_scale_v2/pilot/hp16/b1/U13_s41/runs/exp_train/exp_train__our_method__qwen2.5-7b-instruct__s41__d1cd33b__20260424T215415247847Z/train_summary.json,/hpcstor6/scratch01/g/guanjie.lin001/tokenizer-evidence/g3a_block_scale_v2/pilot/hp16/b1/U13_s41/runs/exp_eval/exp_eval__our_method__qwen2.5-7b-instruct__s41__d1cd33b__20260425T113904864693Z/eval_summary.json
hp16,b4,4,U01,41,/hpcstor6/scratch01/g/guanjie.lin001/tokenizer-evidence/g3a_block_scale_v2/pilot/hp16/b4/U01_s41,completed,True,True,U01,True,1.0,True,True,1.0,0,0,0.0,/hpcstor6/scratch01/g/guanjie.lin001/tokenizer-evidence/g3a_block_scale_v2/pilot/hp16/b4/U01_s41/runs/exp_train/exp_train__our_method__qwen2.5-7b-instruct__s41__d1cd33b__20260424T215415284083Z/train_summary.json,/hpcstor6/scratch01/g/guanjie.lin001/tokenizer-evidence/g3a_block_scale_v2/pilot/hp16/b4/U01_s41/runs/exp_eval/exp_eval__our_method__qwen2.5-7b-instruct__s41__d1cd33b__20260425T113904898255Z/eval_summary.json
hp16,b4,4,U05,41,/hpcstor6/scratch01/g/guanjie.lin001/tokenizer-evidence/g3a_block_scale_v2/pilot/hp16/b4/U05_s41,completed,True,True,U05,True,1.0,True,True,1.0,0,0,0.0,/hpcstor6/scratch01/g/guanjie.lin001/tokenizer-evidence/g3a_block_scale_v2/pilot/hp16/b4/U05_s41/runs/exp_train/exp_train__our_method__qwen2.5-7b-instruct__s41__d1cd33b__20260424T215415319550Z/train_summary.json,/hpcstor6/scratch01/g/guanjie.lin001/tokenizer-evidence/g3a_block_scale_v2/pilot/hp16/b4/U05_s41/runs/exp_eval/exp_eval__our_method__qwen2.5-7b-instruct__s41__d1cd33b__20260425T113904931685Z/eval_summary.json
hp16,b4,4,U09,41,/hpcstor6/scratch01/g/guanjie.lin001/tokenizer-evidence/g3a_block_scale_v2/pilot/hp16/b4/U09_s41,completed,True,True,U09,True,1.0,True,True,1.0,0,0,0.0,/hpcstor6/scratch01/g/guanjie.lin001/tokenizer-evidence/g3a_block_scale_v2/pilot/hp16/b4/U09_s41/runs/exp_train/exp_train__our_method__qwen2.5-7b-instruct__s41__d1cd33b__20260424T215415356403Z/train_summary.json,/hpcstor6/scratch01/g/guanjie.lin001/tokenizer-evidence/g3a_block_scale_v2/pilot/hp16/b4/U09_s41/runs/exp_eval/exp_eval__our_method__qwen2.5-7b-instruct__s41__d1cd33b__20260425T113904965540Z/eval_summary.json
hp16,b4,4,U13,41,/hpcstor6/scratch01/g/guanjie.lin001/tokenizer-evidence/g3a_block_scale_v2/pilot/hp16/b4/U13_s41,completed,False,False,,False,0.875,False,False,0.875,1,0,0.0,/hpcstor6/scratch01/g/guanjie.lin001/tokenizer-evidence/g3a_block_scale_v2/pilot/hp16/b4/U13_s41/runs/exp_train/exp_train__our_method__qwen2.5-7b-instruct__s41__d1cd33b__20260424T215415392219Z/train_summary.json,/hpcstor6/scratch01/g/guanjie.lin001/tokenizer-evidence/g3a_block_scale_v2/pilot/hp16/b4/U13_s41/runs/exp_eval/exp_eval__our_method__qwen2.5-7b-instruct__s41__d1cd33b__20260425T113904998421Z/eval_summary.json
